<?xml version="1.0" encoding="UTF-8"?>
<analysisEngineDescription xmlns="http://uima.apache.org/resourceSpecifier">
  <frameworkImplementation>org.apache.uima.java</frameworkImplementation>
  <primitive>true</primitive>
  <annotatorImplementationName>de.uni_leipzig.asv.medusa.uima.analysis_engine.SentenceSignatureAnnotator</annotatorImplementationName>
  <analysisEngineMetaData>
    <name>SentenceSignatureAnnotatorDescriptor</name>
    <description>A SentenceSignatureAnnotator creates a SentenceSignature-annotation. For calculating the signature MEDUSA is used. This annotator uses the default view.

This annotator does not have parameters.</description>
    <version>1.0</version>
    <vendor/>
    <configurationParameters/>
    <configurationParameterSettings/>
    <typeSystemDescription>
      <imports>
        <import location="SentenceSignatureTypeDescriptor.xml"/>
      </imports>
    </typeSystemDescription>
    <typePriorities/>
    <fsIndexCollection/>
    <capabilities>
      <capability>
        <inputs/>
        <outputs>
          <type allAnnotatorFeatures="true">de.uni_leipzig.asv.medusa.uima.types.SentenceSignature</type>
        </outputs>
        <languagesSupported/>
      </capability>
    </capabilities>
    <operationalProperties>
      <modifiesCas>true</modifiesCas>
      <multipleDeploymentAllowed>true</multipleDeploymentAllowed>
      <outputsNewCASes>false</outputsNewCASes>
    </operationalProperties>
  </analysisEngineMetaData>
  <resourceManagerConfiguration/>
</analysisEngineDescription>
