<?xml version="1.0" encoding="UTF-8" ?>
<typeSystemDescription xmlns="http://uima.apache.org/resourceSpecifier">
<name>SentenceInformationTypeDescriptor</name>
<description></description>
<version>1.0</version>
<vendor></vendor>

      <types>
        <typeDescription>
          <name>de.uni_leipzig.asv.medusa.uima.types.SentenceInformation</name>
          <description/>
          <supertypeName>uima.tcas.Annotation</supertypeName>
          <features>
            <featureDescription>
              <name>nr</name>
              <description>The sentence number</description>
              <rangeTypeName>uima.cas.Long</rangeTypeName>
            </featureDescription>
            <featureDescription>
              <name>source</name>
              <description>The source of this sentence</description>
              <rangeTypeName>uima.cas.String</rangeTypeName>
            </featureDescription>
          </features>
        </typeDescription>
      </types>
    
</typeSystemDescription>

