<?xml version="1.0" encoding="UTF-8" ?>
<typeSystemDescription xmlns="http://uima.apache.org/resourceSpecifier">
<name>SentenceSignatureTypeDescriptor</name>
<description></description>
<version>1.0</version>
<vendor></vendor>

      <types>
        <typeDescription>
          <name>de.uni_leipzig.asv.medusa.uima.types.SentenceSignature</name>
          <description/>
          <supertypeName>uima.tcas.Annotation</supertypeName>
          <features>
            <featureDescription>
              <name>Signature</name>
              <description/>
              <rangeTypeName>uima.cas.String</rangeTypeName>
            </featureDescription>
          </features>
        </typeDescription>
      </types>
    
</typeSystemDescription>

