<?xml version="1.0" encoding="UTF-8"?>
<analysisEngineDescription xmlns="http://uima.apache.org/resourceSpecifier">
  <frameworkImplementation>org.apache.uima.java</frameworkImplementation>
  <primitive>true</primitive>
  <annotatorImplementationName>de.uni_leipzig.asv.medusa.uima.consumer.TokenizedTextConsumer</annotatorImplementationName>
  <analysisEngineMetaData>
    <name>TokenizedTextConsumerDescriptor</name>
    <description>A TokenizedTextConsumer prints out a text file with a sentence id and the tokenized sentence in each line. The two columns are separated by a TAB-character. It expects the CAS-objects to contain an Annotation of the type SentenceInformation for the default view and a tokenized view created for example by the TokenizerAnnotator.
A possible flow could contain a SentenceReader, a TokenizerAnnotator and a TokenizedTextConsumer.

There are two parameters : the name of the output file and it's character encoding.</description>
    <version>1.0</version>
    <vendor/>
    <configurationParameters>
      <configurationParameter>
        <name>outputFileName</name>
        <description>Name of the file the output will be written to.
If a file with this name already exists it will be overwritten.</description>
        <type>String</type>
        <multiValued>false</multiValued>
        <mandatory>true</mandatory>
      </configurationParameter>
      <configurationParameter>
        <name>outputEncoding</name>
        <description>The character set used for output</description>
        <type>String</type>
        <multiValued>false</multiValued>
        <mandatory>true</mandatory>
      </configurationParameter>
    </configurationParameters>
    <configurationParameterSettings>
      <nameValuePair>
        <name>outputFileName</name>
        <value>
          <string>tokenizedText.txt</string>
        </value>
      </nameValuePair>
      <nameValuePair>
        <name>outputEncoding</name>
        <value>
          <string>UTF-8</string>
        </value>
      </nameValuePair>
    </configurationParameterSettings>
    <typeSystemDescription>
      <imports>
        <import location="file:SentenceInformationTypeDescriptor.xml"/>
      </imports>
    </typeSystemDescription>
    <typePriorities/>
    <fsIndexCollection/>
    <capabilities>
      <capability>
        <inputs>
          <type>de.uni_leipzig.asv.medusa.uima.types.SentenceInformation</type>
          <feature>de.uni_leipzig.asv.medusa.uima.types.SentenceInformation:nr</feature>
        </inputs>
        <outputs/>
        <inputSofas>
          <sofaName>tokenized-sofa</sofaName>
        </inputSofas>
        <languagesSupported/>
      </capability>
    </capabilities>
    <operationalProperties>
      <modifiesCas>false</modifiesCas>
      <multipleDeploymentAllowed>false</multipleDeploymentAllowed>
      <outputsNewCASes>false</outputsNewCASes>
    </operationalProperties>
  </analysisEngineMetaData>
  <resourceManagerConfiguration/>
</analysisEngineDescription>
