<?xml version="1.0" encoding="UTF-8"?>
<analysisEngineDescription xmlns="http://uima.apache.org/resourceSpecifier">
  <frameworkImplementation>org.apache.uima.java</frameworkImplementation>
  <primitive>true</primitive>
  <annotatorImplementationName>de.uni_leipzig.asv.medusa.uima.consumer.WncConsumer</annotatorImplementationName>
  <analysisEngineMetaData>
    <name>WncConsumerDescriptor</name>
    <description>A WncConsumer prints out a statistic for all tokens with a word number, the word and it's frequency per line. This output is ordered by the frequency with the most frequent word at the beginning. The output columns are separated by TAB-characters and the wordnumber is calculated within this consumer.
This consumer expects a tokenized view as for example created by the TokenizerAnnotator.
A possible flow could contain a SentenceReader, a TokenizerAnnotator and a WncConsumer.

There are two parameters : the name of the output file and it's character encoding.

The statistics can need a lot of RAM as every token needs to be stored.</description>
    <version>1.0</version>
    <vendor/>
    <configurationParameters>
      <configurationParameter>
        <name>outputFileName</name>
        <description>Name of the file the output will be written to.
If a file with this name already exists it will be overwritten.</description>
        <type>String</type>
        <multiValued>false</multiValued>
        <mandatory>true</mandatory>
      </configurationParameter>
      <configurationParameter>
        <name>outputEncoding</name>
        <description>The character set used for output</description>
        <type>String</type>
        <multiValued>false</multiValued>
        <mandatory>true</mandatory>
      </configurationParameter>
    </configurationParameters>
    <configurationParameterSettings>
      <nameValuePair>
        <name>outputFileName</name>
        <value>
          <string>frequencies.txt</string>
        </value>
      </nameValuePair>
      <nameValuePair>
        <name>outputEncoding</name>
        <value>
          <string>UTF-8</string>
        </value>
      </nameValuePair>
    </configurationParameterSettings>
    <typeSystemDescription/>
    <typePriorities/>
    <fsIndexCollection/>
    <capabilities>
      <capability>
        <inputs/>
        <outputs/>
        <inputSofas>
          <sofaName>tokenized-sofa</sofaName>
        </inputSofas>
        <languagesSupported/>
      </capability>
    </capabilities>
    <operationalProperties>
      <modifiesCas>false</modifiesCas>
      <multipleDeploymentAllowed>false</multipleDeploymentAllowed>
      <outputsNewCASes>false</outputsNewCASes>
    </operationalProperties>
  </analysisEngineMetaData>
  <resourceManagerConfiguration/>
</analysisEngineDescription>
