<?xml version="1.0" ?><TEI xmlns="http://www.tei-c.org/ns/1.0"><teiHeader><fileDesc><titleStmt><title>Vulgata Clementina</title></titleStmt><publicationStmt><idno><idno type="Annotation_last_changed_by">sysop</idno><idno type="Annotation_last_changed_on">Tue Feb 18 20:49:32 CET 2020</idno><idno type="Author_(German)">Iohannes</idno><idno type="Author_(Latin)">Iohannes</idno><idno type="C_Stat">16</idno><idno type="C1">16</idno><idno type="C2">16</idno><idno type="Concordance_View">true</idno><idno type="Edition">Tweedale (2006)</idno><idno type="LTA_Export">false</idno><idno type="Licence_Info">to be defined</idno><idno type="Provided_by">Corpus Corporum</idno><idno type="Status">a</idno><idno type="Text_Type">Gerneral Epistles: Epistles of John II</idno><idno type="Text_Type_Class">Biblical</idno><idno type="Time">1592</idno><idno type="Title">Epistola Joannis II</idno> Vulgata</idno></publicationStmt><seriesStmt><title></title></seriesStmt><notesStmt><note></note></notesStmt><sourceDesc><biblStruct><monogr><author>Biblia<date></date></author><title>Biblia Sacra iuxta Vulgatam Clementinam</title><editor>plurimis consultis editionibus diligenter praeparata a Michaele Tvveedale</editor><imprint><pubPlace>Londoni</pubPlace><publisher>http://vulsearch.sourceforge.net/</publisher><date>2006</date></imprint></monogr></biblStruct></sourceDesc></fileDesc><encodingDesc><projectDesc><p>
                this file was encoded in TEI xml for the University of Zurich's Corpus Corporum project (www.mlat.uzh.ch) by Ph. Roelli in 2013
            </p></projectDesc><editorialDecl><normalization><p>Classical Latin orthography</p></normalization></editorialDecl></encodingDesc><profileDesc><creation><date></date></creation><langUsage><language ident="LA">latin</language></langUsage></profileDesc></teiHeader><text><body><div1 n="24" xml:id="_2_Ioh"><head><s><w lemma="[{'id':998186,'ls':[{'id':998187,'name':'epistola','wfs':[{'id':998201,'morph':{'Casus':'NOMINATIVE','DeclensionType':'FIRST_DECLENSION','Genus':'FEMININE','Numerus':'SINGULAR','Pos':'NN'},'name':'epistola'},{'id':998197,'morph':{'Casus':'ABLATIVE','DeclensionType':'FIRST_DECLENSION','Genus':'FEMININE','Numerus':'SINGULAR','Pos':'NN'},'name':'epistola'}]}],'name':'epistula@NN'}]">Epistola</w><c> </c><w lemma="[{'id':243116350,'ls':[{'id':243116351,'name':'NON_WORD','wfs':[{'id':244750262,'morph':{'Pos':'XY'},'name':'B'}]}],'name':'NON_WORD@XY'}]">B</w><c>.</c><c> </c><w lemma="[{'id':482230,'ls':[{'id':482231,'name':'Ioannes','wfs':[{'id':482239,'morph':{'Casus':'GENITIVE','DeclensionType':'THIRD_DECLENSION','Genus':'MASCULINE','Numerus':'SINGULAR','Pos':'NP'},'name':'Ioannis'}]}],'name':'Ioannes@NP'}]">Ioannis</w><c> </c><w lemma="[{'id':767705,'ls':[{'id':244741368,'name':'apostolus','wfs':[{'id':767711,'morph':{'Casus':'NOMINATIVE','DeclensionType':'SECOND_DECLENSION','Genus':'MASCULINE','Numerus':'PLURAL','Pos':'NN'},'name':'apostoli'},{'id':767718,'morph':{'Casus':'GENITIVE','DeclensionType':'SECOND_DECLENSION','Genus':'MASCULINE','Numerus':'SINGULAR','Pos':'NN'},'name':'apostoli'}]}],'name':'apostolus@NN'}]">Apostoli</w><c> </c><w lemma="[{'id':497255364,'ls':[{'id':497255365,'name':'Secunda','wfs':[{'id':497255371,'morph':{'Casus':'NOMINATIVE','DeclensionType':'FIRST_DECLENSION','Genus':'FEMININE','Numerus':'SINGULAR','Pos':'NP'},'name':'Secunda'},{'id':497255369,'morph':{'Casus':'GENITIVE','DeclensionType':'FIRST_DECLENSION','Genus':'FEMININE','Numerus':'SINGULAR','Pos':'NP'},'name':'Secunda'},{'id':497255367,'morph':{'Casus':'ABLATIVE','DeclensionType':'FIRST_DECLENSION','Genus':'FEMININE','Numerus':'SINGULAR','Pos':'NP'},'name':'Secunda'},{'id':497255372,'morph':{'Casus':'VOCATIVE','DeclensionType':'FIRST_DECLENSION','Genus':'FEMININE','Numerus':'SINGULAR','Pos':'NP'},'name':'Secunda'}]}],'name':'Secunda@NE'}]">Secunda</w></s></head><div2 n="1"><head><s><w lemma="[{'id':833249,'ls':[{'id':1604,'name':'caput','wfs':[{'id':241411383,'morph':{'Casus':'ACCUSATIVE','DeclensionType':'THIRD_DECLENSION','Genus':'NEUTER','Numerus':'SINGULAR','Pos':'NN'},'name':'caput'},{'id':833263,'morph':{'Casus':'NOMINATIVE','DeclensionType':'THIRD_DECLENSION','Genus':'NEUTER','Numerus':'SINGULAR','Pos':'NN'},'name':'caput'}]}],'name':'caput@NN'}]">Caput</w><c> </c><w lemma="[{'id':241346594,'ls':[{'id':241346595,'name':'NUMERAL','wfs':[{'id':241346596,'morph':{'Pos':'NUM'},'name':'NUMERAL'}]}],'name':'NUMERAL@NUM'}]">1</w></s></head><p><s><milestone n="1" unit="verse"></milestone><w lemma="[{'id':1354946,'ls':[{'id':1354963,'name':'senior','wfs':[{'id':1354976,'morph':{'Casus':'NOMINATIVE','DeclensionType':'THIRD_DECLENSION','Genus':'MASCULINE','Numerus':'SINGULAR','Pos':'NN'},'name':'senior'},{'id':243459337,'morph':{'Casus':'VOCATIVE','DeclensionType':'THIRD_DECLENSION','Genus':'MASCULINE','Numerus':'SINGULAR','Pos':'NN'},'name':'senior'}]}],'name':'senex@NN'},{'id':496028267,'ls':[{'id':496028268,'name':'senior','wfs':[{'id':496028281,'morph':{'Casus':'NOMINATIVE','DeclensionType':'THIRD_DECLENSION','Genus':'MASCULINE','Numerus':'SINGULAR','Pos':'NN'},'name':'senior'}]}],'name':'senior@NN'}]">Senior</w><c> </c><w lemma="[{'id':383382,'ls':[{'id':383383,'name':'Electa','wfs':[{'id':488420900,'morph':{'Casus':'DATIVE','DeclensionType':'FIRST_DECLENSION','Genus':'FEMININE','Numerus':'SINGULAR','Pos':'NP'},'name':'Electae'},{'id':383396,'morph':{'Casus':'GENITIVE','DeclensionType':'FIRST_DECLENSION','Numerus':'SINGULAR','Pos':'NP'},'name':'Electae'},{'id':488420901,'morph':{'Casus':'GENITIVE','DeclensionType':'FIRST_DECLENSION','Genus':'FEMININE','Numerus':'SINGULAR','Pos':'NP'},'name':'Electae'},{'id':383391,'morph':{'Casus':'NOMINATIVE','DeclensionType':'FIRST_DECLENSION','Numerus':'PLURAL','Pos':'NP'},'name':'Electae'},{'id':383392,'morph':{'Casus':'VOCATIVE','DeclensionType':'FIRST_DECLENSION','Numerus':'PLURAL','Pos':'NP'},'name':'Electae'},{'id':383395,'morph':{'Casus':'DATIVE','DeclensionType':'FIRST_DECLENSION','Numerus':'SINGULAR','Pos':'NP'},'name':'Electae'}]}],'name':'Electa@NP'}]">Electae</w><c> </c><w lemma="[{'id':979655,'ls':[{'id':3698,'name':'domina','wfs':[{'id':979663,'morph':{'Casus':'NOMINATIVE','DeclensionType':'FIRST_DECLENSION','Genus':'FEMININE','Numerus':'PLURAL','Pos':'NN'},'name':'dominae'},{'id':979667,'morph':{'Casus':'DATIVE','DeclensionType':'FIRST_DECLENSION','Genus':'FEMININE','Numerus':'SINGULAR','Pos':'NN'},'name':'dominae'},{'id':979668,'morph':{'Casus':'GENITIVE','DeclensionType':'FIRST_DECLENSION','Genus':'FEMININE','Numerus':'SINGULAR','Pos':'NN'},'name':'dominae'}]}],'name':'domina@NN'}]">dominae</w><c>,</c><c> </c><w lemma="[{'id':109828,'ls':[{'id':109829,'name':'et','wfs':[{'id':109830,'morph':{'Pos':'CON'},'name':'et'}]}],'name':'et@CON'}]">et</w><c> </c><w lemma="[{'id':1185475,'ls':[{'id':1185494,'name':'natus','wfs':[{'id':243400892,'morph':{'Casus':'ABLATIVE','DeclensionType':'SECOND_DECLENSION','Genus':'MASCULINE','Numerus':'PLURAL','Pos':'NN'},'name':'natis'},{'id':243400893,'morph':{'Casus':'DATIVE','DeclensionType':'SECOND_DECLENSION','Genus':'MASCULINE','Numerus':'PLURAL','Pos':'NN'},'name':'natis'}]}],'name':'natus@NN'}]">natis</w><c> </c><w lemma="[{'id':242816207,'ls':[{'id':242816208,'name':'is','wfs':[{'id':244510026,'morph':{'Casus':'GENITIVE','Genus':'NEUTER','Numerus':'SINGULAR','Pos':'PRO','PronounType':'PERSONAL'},'name':'eius'},{'id':297496634,'morph':{'Casus':'GENITIVE','Genus':'MASCULINE','Numerus':'SINGULAR','Pos':'PRO','PronounType':'PERSONAL'},'name':'eius'},{'id':297496633,'morph':{'Casus':'GENITIVE','Genus':'FEMININE','Numerus':'SINGULAR','Pos':'PRO','PronounType':'PERSONAL'},'name':'eius'}]}],'name':'is@PRO'}]">eius</w><c>,</c><c> </c><w lemma="[{'id':242816363,'ls':[{'id':242816364,'name':'qui','wfs':[{'id':242816417,'morph':{'Casus':'ACCUSATIVE','Genus':'MASCULINE','Numerus':'PLURAL','Pos':'PRO','PronounType':'RELATIVE'},'name':'quos'},{'id':539256810,'morph':{'Casus':'ACCUSATIVE','Genus':'MASCULINE','Numerus':'PLURAL','Pos':'PRO'},'name':'quos'}]}],'name':'qui@PRO'}]">quos</w><c> </c><w lemma="[{'id':242815965,'ls':[{'id':242815966,'name':'ego','wfs':[{'id':244509626,'morph':{'Casus':'NOMINATIVE','Genus':'FEMININE','Numerus':'SINGULAR','Pos':'PRO','PronounType':'PERSONAL'},'name':'ego'},{'id':244509632,'morph':{'Casus':'NOMINATIVE','Genus':'NEUTER','Numerus':'SINGULAR','Pos':'PRO','PronounType':'PERSONAL'},'name':'ego'},{'id':244509629,'morph':{'Casus':'NOMINATIVE','Genus':'MASCULINE','Numerus':'SINGULAR','Pos':'PRO','PronounType':'PERSONAL'},'name':'ego'}]}],'name':'ego@PRO'}]">ego</w><c> </c><w lemma="[{'id':4995044,'ls':[{'id':244530690,'name':'diligo','wfs':[{'id':4995363,'morph':{'ConjugationType':'THIRD_CONJUGATION','Mood':'INDICATIVE','Numerus':'SINGULAR','Person':'PERSON_1','Pos':'V','Tense':'PRESENT','VerbType':'TRANSITIVE','Voice':'ACTIVE'},'name':'diligo'}]}],'name':'diligo@V'}]">diligo</w><c> </c><w lemma="[{'id':109577,'ls':[{'id':109578,'name':'in','wfs':[{'id':109579,'morph':{'Pos':'AP'},'name':'in'}]}],'name':'in@AP'}]">in</w><c> </c><w lemma="[{'id':1455678,'ls':[{'id':9192,'name':'veritas','wfs':[{'id':243495932,'morph':{'Casus':'ABLATIVE','DeclensionType':'THIRD_DECLENSION','Genus':'FEMININE','Numerus':'SINGULAR','Pos':'NN'},'name':'veritate'}]}],'name':'veritas@NN'}]">veritate</w><c>,</c><c> </c><w lemma="[{'id':109828,'ls':[{'id':109829,'name':'et','wfs':[{'id':109830,'morph':{'Pos':'CON'},'name':'et'}]}],'name':'et@CON'}]">et</w><c> </c><w lemma="[{'id':206035,'ls':[{'id':6416,'name':'non','wfs':[{'id':241322627,'morph':{'Pos':'ADV'},'name':'non'}]}],'name':'non@ADV'}]">non</w><c> </c><w lemma="[{'id':242815965,'ls':[{'id':242815966,'name':'ego','wfs':[{'id':244509626,'morph':{'Casus':'NOMINATIVE','Genus':'FEMININE','Numerus':'SINGULAR','Pos':'PRO','PronounType':'PERSONAL'},'name':'ego'},{'id':244509632,'morph':{'Casus':'NOMINATIVE','Genus':'NEUTER','Numerus':'SINGULAR','Pos':'PRO','PronounType':'PERSONAL'},'name':'ego'},{'id':244509629,'morph':{'Casus':'NOMINATIVE','Genus':'MASCULINE','Numerus':'SINGULAR','Pos':'PRO','PronounType':'PERSONAL'},'name':'ego'}]}],'name':'ego@PRO'}]">ego</w><c> </c><w lemma="[{'id':3064351,'ls':[{'id':3064352,'name':'solus','wfs':[{'id':3064440,'morph':{'Casus':'NOMINATIVE','ComparisonDegree':'POSITIVE','DeclensionType':'SECOND_DECLENSION','Genus':'MASCULINE','Numerus':'SINGULAR','Pos':'ADJ'},'name':'solus'},{'id':242623308,'morph':{'Casus':'NOMINATIVE','ComparisonDegree':'POSITIVE','DeclensionType':'THIRD_DECLENSION','Genus':'MASCULINE','Numerus':'SINGULAR','Pos':'ADJ'},'name':'solus'}]}],'name':'solus@ADJ'}]">solus</w><c>,</c><c> </c><w lemma="[{'id':110010,'ls':[{'id':110011,'name':'sed','wfs':[{'id':110012,'morph':{'Pos':'CON'},'name':'sed'}]}],'name':'sed@CON'}]">sed</w><c> </c><w lemma="[{'id':109828,'ls':[{'id':109829,'name':'et','wfs':[{'id':109830,'morph':{'Pos':'CON'},'name':'et'}]}],'name':'et@CON'}]">et</w><c> </c><w lemma="[{'id':2744416,'ls':[{'id':6625,'name':'omnis','wfs':[{'id':2744425,'morph':{'Casus':'ACCUSATIVE','ComparisonDegree':'POSITIVE','DeclensionType':'THIRD_DECLENSION','Genus':'MASCULINE','Numerus':'PLURAL','Pos':'ADJ'},'name':'omnes'},{'id':2744417,'morph':{'Casus':'ACCUSATIVE','ComparisonDegree':'POSITIVE','DeclensionType':'THIRD_DECLENSION','Genus':'FEMININE','Numerus':'PLURAL','Pos':'ADJ'},'name':'omnes'},{'id':2744424,'morph':{'Casus':'VOCATIVE','ComparisonDegree':'POSITIVE','DeclensionType':'THIRD_DECLENSION','Genus':'FEMININE','Numerus':'PLURAL','Pos':'ADJ'},'name':'omnes'},{'id':2744432,'morph':{'Casus':'VOCATIVE','ComparisonDegree':'POSITIVE','DeclensionType':'THIRD_DECLENSION','Genus':'MASCULINE','Numerus':'PLURAL','Pos':'ADJ'},'name':'omnes'},{'id':2744431,'morph':{'Casus':'NOMINATIVE','ComparisonDegree':'POSITIVE','DeclensionType':'THIRD_DECLENSION','Genus':'MASCULINE','Numerus':'PLURAL','Pos':'ADJ'},'name':'omnes'},{'id':2744423,'morph':{'Casus':'NOMINATIVE','ComparisonDegree':'POSITIVE','DeclensionType':'THIRD_DECLENSION','Genus':'FEMININE','Numerus':'PLURAL','Pos':'ADJ'},'name':'omnes'}]}],'name':'omnis@ADJ'}]">omnes</w><c> </c><w lemma="[{'id':242816363,'ls':[{'id':242816364,'name':'qui','wfs':[{'id':296826592,'morph':{'Casus':'NOMINATIVE','Genus':'MASCULINE','Numerus':'PLURAL','Pos':'PRO','PronounType':'RELATIVE'},'name':'qui'},{'id':244511016,'morph':{'Casus':'NOMINATIVE','Genus':'MASCULINE','Numerus':'SINGULAR','Pos':'PRO','PronounType':'RELATIVE'},'name':'qui'},{'id':382851706,'morph':{'Casus':'NOMINATIVE','Genus':'NEUTER','Numerus':'PLURAL','Pos':'PRO','PronounType':'RELATIVE'},'name':'qui'},{'id':382871756,'morph':{'Casus':'NOMINATIVE','Genus':'FEMININE','Numerus':'PLURAL','Pos':'PRO','PronounType':'RELATIVE'},'name':'qui'},{'id':594773492,'morph':{'Casus':'NOMINATIVE','Genus':'FEMININE','Numerus':'SINGULAR','Pos':'PRO','PronounType':'RELATIVE'},'name':'qui'}]}],'name':'qui@PRO'}]">qui</w><c> </c><w lemma="[{'id':4186426,'ls':[{'id':2021,'name':'cognosco','wfs':[{'id':4186742,'morph':{'ConjugationType':'THIRD_CONJUGATION','Mood':'INDICATIVE','Numerus':'PLURAL','Person':'PERSON_3','Pos':'V','Tense':'PERFECT','VerbType':'TRANSITIVE','Voice':'ACTIVE'},'name':'cognoverunt'}]}],'name':'cognosco@V'}]">cognoverunt</w><c> </c><w lemma="[{'id':1455678,'ls':[{'id':9192,'name':'veritas','wfs':[{'id':243495931,'morph':{'Casus':'ACCUSATIVE','DeclensionType':'THIRD_DECLENSION','Genus':'FEMININE','Numerus':'SINGULAR','Pos':'NN'},'name':'veritatem'}]}],'name':'veritas@NN'}]">veritatem</w><c>,</c><milestone n="2" unit="verse"></milestone><w lemma="[{'id':109635,'ls':[{'id':109636,'name':'propter','wfs':[{'id':109637,'morph':{'Pos':'AP'},'name':'propter'}]}],'name':'propter@AP'}]">propter</w><c> </c><w lemma="[{'id':1455678,'ls':[{'id':9192,'name':'veritas','wfs':[{'id':243495931,'morph':{'Casus':'ACCUSATIVE','DeclensionType':'THIRD_DECLENSION','Genus':'FEMININE','Numerus':'SINGULAR','Pos':'NN'},'name':'veritatem'}]}],'name':'veritas@NN'}]">veritatem</w><c>,</c><c> </c><w lemma="[{'id':242816363,'ls':[{'id':242816364,'name':'qui','wfs':[{'id':389792491,'morph':{'Casus':'NOMINATIVE','Genus':'FEMININE','Numerus':'PLURAL','Pos':'PRO','PronounType':'INTERROGATIVE'},'name':'quae'},{'id':244511026,'morph':{'Casus':'NOMINATIVE','Genus':'NEUTER','Numerus':'PLURAL','Pos':'PRO','PronounType':'RELATIVE'},'name':'quae'},{'id':480989834,'morph':{'Casus':'NOMINATIVE','Genus':'FEMININE','Numerus':'PLURAL','Pos':'PRO','PronounType':'RELATIVE'},'name':'quae'},{'id':531770785,'morph':{'Casus':'NOMINATIVE','Genus':'NEUTER','Numerus':'SINGULAR','Pos':'PRO','PronounType':'RELATIVE'},'name':'quae'},{'id':296826594,'morph':{'Casus':'NOMINATIVE','Genus':'FEMININE','Numerus':'SINGULAR','Pos':'PRO','PronounType':'RELATIVE'},'name':'quae'},{'id':242816385,'morph':{'Casus':'ACCUSATIVE','Genus':'NEUTER','Numerus':'PLURAL','Pos':'PRO','PronounType':'RELATIVE'},'name':'quae'},{'id':539256815,'morph':{'Pos':'PRO'},'name':'quae'},{'id':594750172,'morph':{'Casus':'ACCUSATIVE','Genus':'NEUTER','Numerus':'PLURAL','Pos':'PRO','PronounType':'INTERROGATIVE'},'name':'quae'},{'id':382867645,'morph':{'Casus':'NOMINATIVE','Genus':'MASCULINE','Numerus':'PLURAL','Pos':'PRO','PronounType':'RELATIVE'},'name':'quae'}]}],'name':'qui@PRO'}]">quae</w><c> </c><w lemma="[{'id':6621230,'ls':[{'id':6979,'name':'permaneo','wfs':[{'id':6621639,'morph':{'ConjugationType':'SECOND_CONJUGATION','Mood':'INDICATIVE','Numerus':'SINGULAR','Person':'PERSON_3','Pos':'V','Tense':'PRESENT','VerbType':'TRANSITIVE','Voice':'ACTIVE'},'name':'permanet'}]}],'name':'permaneo@V'}]">permanet</w><c> </c><w lemma="[{'id':109577,'ls':[{'id':109578,'name':'in','wfs':[{'id':109579,'morph':{'Pos':'AP'},'name':'in'}]}],'name':'in@AP'}]">in</w><c> </c><w lemma="[{'id':242816286,'ls':[{'id':242816287,'name':'nos','wfs':[{'id':242816288,'morph':{'Casus':'DATIVE','Genus':'COMMON','Numerus':'PLURAL','Pos':'PRO','PronounType':'PERSONAL'},'name':'nobis'},{'id':273666740,'morph':{'Casus':'ABLATIVE','Genus':'COMMON','Numerus':'PLURAL','Pos':'PRO','PronounType':'PERSONAL'},'name':'nobis'}]}],'name':'nos@PRO'}]">nobis</w><c>,</c><c> </c><w lemma="[{'id':109828,'ls':[{'id':109829,'name':'et','wfs':[{'id':109830,'morph':{'Pos':'CON'},'name':'et'}]}],'name':'et@CON'}]">et</w><c> </c><w lemma="[{'id':242816286,'ls':[{'id':242816287,'name':'nos','wfs':[{'id':242816289,'morph':{'Casus':'ABLATIVE','Genus':'COMMON','Numerus':'PLURAL','Pos':'PRO','PronounType':'PERSONAL'},'name':'nobiscum'}]}],'name':'nos@PRO'}]">nobiscum</w><c> </c><w lemma="[{'id':7617143,'ls':[{'id':7617144,'name':'sum','wfs':[{'id':244519797,'morph':{'Mood':'INDICATIVE','Numerus':'SINGULAR','Person':'PERSON_3','Pos':'V','Tense':'FUTURE','VerbType':'VERBA_ANOMALA','Voice':'ACTIVE'},'name':'erit'}]}],'name':'sum@V'}]">erit</w><c> </c><w lemma="[{'id':109577,'ls':[{'id':109578,'name':'in','wfs':[{'id':109579,'morph':{'Pos':'AP'},'name':'in'}]}],'name':'in@AP'}]">in</w><c> </c><w lemma="[{'id':502542854,'ls':[{'id':502542855,'name':'aeternum','wfs':[{'id':502542868,'morph':{'Casus':'NOMINATIVE','DeclensionType':'SECOND_DECLENSION','Genus':'NEUTER','Numerus':'SINGULAR','Pos':'NN'},'name':'aeternum'},{'id':502542870,'morph':{'Casus':'VOCATIVE','DeclensionType':'SECOND_DECLENSION','Genus':'NEUTER','Numerus':'SINGULAR','Pos':'NN'},'name':'aeternum'},{'id':502542863,'morph':{'Casus':'ACCUSATIVE','DeclensionType':'SECOND_DECLENSION','Genus':'NEUTER','Numerus':'SINGULAR','Pos':'NN'},'name':'aeternum'}]}],'name':'aeternum@NN'}]">aeternum</w><c>.</c><milestone n="3" unit="verse"></milestone></s><s><w lemma="[{'id':7617143,'ls':[{'id':7617144,'name':'sum','wfs':[{'id':244519866,'morph':{'Mood':'SUBJUNCTIVE','Numerus':'SINGULAR','Person':'PERSON_3','Pos':'V','Tense':'PRESENT','VerbType':'VERBA_ANOMALA','Voice':'ACTIVE'},'name':'sit'}]}],'name':'sum@V'}]">Sit</w><c> </c><w lemma="[{'id':242816974,'ls':[{'id':242816975,'name':'vos','wfs':[{'id':242816978,'morph':{'Casus':'ABLATIVE','Numerus':'PLURAL','Pos':'PRO','PronounType':'PERSONAL'},'name':'vobiscum'}]}],'name':'vos@PRO'}]">vobiscum</w><c> </c><w lemma="[{'id':1056993,'ls':[{'id':4717,'name':'gratia','wfs':[{'id':1057008,'morph':{'Casus':'VOCATIVE','DeclensionType':'FIRST_DECLENSION','Genus':'FEMININE','Numerus':'SINGULAR','Pos':'NN'},'name':'gratia'},{'id':1057003,'morph':{'Casus':'ABLATIVE','DeclensionType':'FIRST_DECLENSION','Genus':'FEMININE','Numerus':'SINGULAR','Pos':'NN'},'name':'gratia'},{'id':244512486,'morph':{'Casus':'ACCUSATIVE','DeclensionType':'FIRST_DECLENSION','Genus':'FEMININE','Numerus':'SINGULAR','Pos':'NN'},'name':'gratia'},{'id':1057007,'morph':{'Casus':'NOMINATIVE','DeclensionType':'FIRST_DECLENSION','Genus':'FEMININE','Numerus':'SINGULAR','Pos':'NN'},'name':'gratia'}]}],'name':'gratia@NN'}]">gratia</w><c>,</c><c> </c><w lemma="[{'id':1170279,'ls':[{'id':6141,'name':'misericordia','wfs':[{'id':1170289,'morph':{'Casus':'ABLATIVE','DeclensionType':'FIRST_DECLENSION','Genus':'FEMININE','Numerus':'SINGULAR','Pos':'NN'},'name':'misericordia'},{'id':1170295,'morph':{'Casus':'VOCATIVE','DeclensionType':'FIRST_DECLENSION','Genus':'FEMININE','Numerus':'SINGULAR','Pos':'NN'},'name':'misericordia'},{'id':1170294,'morph':{'Casus':'NOMINATIVE','DeclensionType':'FIRST_DECLENSION','Genus':'FEMININE','Numerus':'SINGULAR','Pos':'NN'},'name':'misericordia'}]}],'name':'misericordia@NN'}]">misericordia</w><c>,</c><c> </c><w lemma="[{'id':1231162,'ls':[{'id':6870,'name':'pax','wfs':[{'id':1231174,'morph':{'Casus':'NOMINATIVE','DeclensionType':'THIRD_DECLENSION','Genus':'FEMININE','Numerus':'SINGULAR','Pos':'NN'},'name':'pax'}]}],'name':'pax@NN'}]">pax</w><c> </c><w lemma="[{'id':109433,'ls':[{'id':109434,'name':'a','wfs':[{'id':109435,'morph':{'Pos':'AP'},'name':'a'}]}],'name':'a@AP'}]">a</w><c> </c><w lemma="[{'id':958093,'ls':[{'id':958094,'name':'deus','wfs':[{'id':958106,'morph':{'Casus':'DATIVE','DeclensionType':'SECOND_DECLENSION','Genus':'MASCULINE','Numerus':'SINGULAR','Pos':'NN'},'name':'deo'},{'id':958105,'morph':{'Casus':'ABLATIVE','DeclensionType':'SECOND_DECLENSION','Genus':'MASCULINE','Numerus':'SINGULAR','Pos':'NN'},'name':'deo'}]}],'name':'deus@NN'}]">Deo</w><c> </c><w lemma="[{'id':1228946,'ls':[{'id':6842,'name':'pater','wfs':[{'id':241463114,'morph':{'Casus':'ABLATIVE','DeclensionType':'THIRD_DECLENSION','Genus':'MASCULINE','Numerus':'SINGULAR','Pos':'NN'},'name':'patre'}]}],'name':'pater@NN'}]">Patre</w><c>,</c><c> </c><w lemma="[{'id':109828,'ls':[{'id':109829,'name':'et','wfs':[{'id':109830,'morph':{'Pos':'CON'},'name':'et'}]}],'name':'et@CON'}]">et</w><c> </c><w lemma="[{'id':109433,'ls':[{'id':109434,'name':'a','wfs':[{'id':109435,'morph':{'Pos':'AP'},'name':'a'}]}],'name':'a@AP'}]">a</w><c> </c><w lemma="[{'id':514504138,'ls':[{'id':514504139,'name':'christus','wfs':[{'id':514504150,'morph':{'Casus':'DATIVE','DeclensionType':'SECOND_DECLENSION','Genus':'MASCULINE','Numerus':'SINGULAR','Pos':'NN'},'name':'christo'},{'id':514504149,'morph':{'Casus':'ABLATIVE','DeclensionType':'SECOND_DECLENSION','Genus':'MASCULINE','Numerus':'SINGULAR','Pos':'NN'},'name':'christo'}]}],'name':'christus@NN'}]">Christo</w><c> </c><w lemma="[{'id':241370321,'ls':[{'id':241370322,'name':'Iesus','wfs':[{'id':6615436,'morph':{'Casus':'GENITIVE','Genus':'MASCULINE','Numerus':'SINGULAR','Pos':'NP'},'name':'Iesu'},{'id':6615437,'morph':{'Casus':'DATIVE','Genus':'MASCULINE','Numerus':'SINGULAR','Pos':'NP'},'name':'Iesu'},{'id':6614927,'morph':{'Casus':'ABLATIVE','Genus':'MASCULINE','Numerus':'SINGULAR','Pos':'NP'},'name':'Iesu'}]}],'name':'Iesus@NP'}]">Iesu</w><c> </c><w lemma="[{'id':1034174,'ls':[{'id':4372,'name':'filius','wfs':[{'id':243348000,'morph':{'Casus':'DATIVE','DeclensionType':'SECOND_DECLENSION','Genus':'MASCULINE','Numerus':'SINGULAR','Pos':'NN'},'name':'filio'},{'id':243347999,'morph':{'Casus':'ABLATIVE','DeclensionType':'SECOND_DECLENSION','Genus':'MASCULINE','Numerus':'SINGULAR','Pos':'NN'},'name':'filio'}]}],'name':'filius@NN'}]">Filio</w><c> </c><w lemma="[{'id':1228946,'ls':[{'id':6842,'name':'pater','wfs':[{'id':1228959,'morph':{'Casus':'GENITIVE','DeclensionType':'THIRD_DECLENSION','Genus':'MASCULINE','Numerus':'SINGULAR','Pos':'NN'},'name':'patris'}]}],'name':'pater@NN'}]">Patris</w><c> </c><w lemma="[{'id':109577,'ls':[{'id':109578,'name':'in','wfs':[{'id':109579,'morph':{'Pos':'AP'},'name':'in'}]}],'name':'in@AP'}]">in</w><c> </c><w lemma="[{'id':1455678,'ls':[{'id':9192,'name':'veritas','wfs':[{'id':243495932,'morph':{'Casus':'ABLATIVE','DeclensionType':'THIRD_DECLENSION','Genus':'FEMININE','Numerus':'SINGULAR','Pos':'NN'},'name':'veritate'}]}],'name':'veritas@NN'}]">veritate</w><c>,</c><c> </c><w lemma="[{'id':109828,'ls':[{'id':109829,'name':'et','wfs':[{'id':109830,'morph':{'Pos':'CON'},'name':'et'}]}],'name':'et@CON'}]">et</w><c> </c><w lemma="[{'id':834500,'ls':[{'id':1623,'name':'caritas','wfs':[{'id':243276210,'morph':{'Casus':'ABLATIVE','DeclensionType':'THIRD_DECLENSION','Genus':'FEMININE','Numerus':'SINGULAR','Pos':'NN'},'name':'caritate'}]}],'name':'caritas@NN'}]">caritate</w><c>.</c></s></p><p><s><milestone n="4" unit="verse"></milestone><w lemma="[{'id':1050574,'ls':[{'id':1050592,'name':'gavisus','wfs':[{'id':1050607,'morph':{'Casus':'NOMINATIVE','DeclensionType':'SECOND_DECLENSION','Genus':'MASCULINE','Numerus':'SINGULAR','Pos':'NN'},'name':'gavisus'}]}],'name':'gavisus@NN'}]">Gavisus</w><c> </c><w lemma="[{'id':7617143,'ls':[{'id':7617144,'name':'sum','wfs':[{'id':7617146,'morph':{'Mood':'INDICATIVE','Numerus':'SINGULAR','Person':'PERSON_1','Pos':'V','Tense':'PRESENT','VerbType':'VERBA_ANOMALA','Voice':'ACTIVE'},'name':'sum'}]}],'name':'sum@V'}]">sum</w><c> </c><w lemma="[{'id':251152,'ls':[{'id':9101,'name':'valde','wfs':[{'id':251159,'morph':{'ComparisonDegree':'POSITIVE','Pos':'ADV'},'name':'valde'}]}],'name':'valde@ADV'}]">valde</w><c>,</c><c> </c><w lemma="[{'id':110002,'ls':[{'id':110003,'name':'quoniam','wfs':[{'id':110004,'morph':{'Pos':'CON'},'name':'quoniam'}]}],'name':'quoniam@CON'}]">quoniam</w><c> </c><w lemma="[{'id':6021052,'ls':[{'id':5488,'name':'invenio','wfs':[{'id':6021683,'morph':{'ConjugationType':'FOURTH_CONJUGATION','Mood':'IMPERATIVE','Numerus':'SINGULAR','Person':'PERSON_2','Pos':'V','Tense':'PRESENT','VerbType':'TRANSITIVE','Voice':'ACTIVE'},'name':'inveni'},{'id':6021607,'morph':{'ConjugationType':'FOURTH_CONJUGATION','Mood':'INDICATIVE','Numerus':'SINGULAR','Person':'PERSON_1','Pos':'V','Tense':'PERFECT','VerbType':'TRANSITIVE','Voice':'ACTIVE'},'name':'inveni'}]}],'name':'invenio@V'}]">inveni</w><c> </c><w lemma="[{'id':109545,'ls':[{'id':109546,'name':'de','wfs':[{'id':109547,'morph':{'Pos':'AP'},'name':'de'}]}],'name':'de@AP'}]">de</w><c> </c><w lemma="[{'id':1034174,'ls':[{'id':4372,'name':'filius','wfs':[{'id':243347992,'morph':{'Casus':'DATIVE','DeclensionType':'SECOND_DECLENSION','Genus':'MASCULINE','Numerus':'PLURAL','Pos':'NN'},'name':'filiis'},{'id':243347991,'morph':{'Casus':'ABLATIVE','DeclensionType':'SECOND_DECLENSION','Genus':'MASCULINE','Numerus':'PLURAL','Pos':'NN'},'name':'filiis'}]}],'name':'filius@NN'}]">filiis</w><c> </c><w lemma="[{'id':244512131,'ls':[{'id':244512132,'name':'tuus','wfs':[{'id':243191878,'morph':{'Casus':'DATIVE','DeclensionType':'SECOND_DECLENSION','Genus':'COMMON','Numerus':'PLURAL','Pos':'PRO','PronounType':'POSSESSIVE'},'name':'tuis'},{'id':244512143,'morph':{'Casus':'ABLATIVE','DeclensionType':'SECOND_DECLENSION','Genus':'COMMON','Numerus':'PLURAL','Pos':'PRO','PronounType':'POSSESSIVE'},'name':'tuis'}]}],'name':'tuus@PRO'}]">tuis</w><c> </c><w lemma="[{'id':3599191,'ls':[{'id':692,'name':'ambulo','wfs':[{'id':3599207,'morph':{'Casus':'NOMINATIVE','ConjugationType':'FIRST_CONJUGATION','Genus':'MASCULINE','Mood':'PARTICIPLE','Numerus':'PLURAL','Pos':'V','Tense':'PRESENT','VerbType':'INTRANSITIVE','Voice':'ACTIVE'},'name':'ambulantes'},{'id':3599199,'morph':{'Casus':'NOMINATIVE','ConjugationType':'FIRST_CONJUGATION','Genus':'FEMININE','Mood':'PARTICIPLE','Numerus':'PLURAL','Pos':'V','Tense':'PRESENT','VerbType':'INTRANSITIVE','Voice':'ACTIVE'},'name':'ambulantes'},{'id':3599200,'morph':{'Casus':'ACCUSATIVE','ConjugationType':'FIRST_CONJUGATION','Genus':'MASCULINE','Mood':'PARTICIPLE','Numerus':'PLURAL','Pos':'V','Tense':'PRESENT','VerbType':'INTRANSITIVE','Voice':'ACTIVE'},'name':'ambulantes'},{'id':3599192,'morph':{'Casus':'ACCUSATIVE','ConjugationType':'FIRST_CONJUGATION','Genus':'FEMININE','Mood':'PARTICIPLE','Numerus':'PLURAL','Pos':'V','Tense':'PRESENT','VerbType':'INTRANSITIVE','Voice':'ACTIVE'},'name':'ambulantes'}]}],'name':'ambulo@V'}]">ambulantes</w><c> </c><w lemma="[{'id':109577,'ls':[{'id':109578,'name':'in','wfs':[{'id':109579,'morph':{'Pos':'AP'},'name':'in'}]}],'name':'in@AP'}]">in</w><c> </c><w lemma="[{'id':1455678,'ls':[{'id':9192,'name':'veritas','wfs':[{'id':243495932,'morph':{'Casus':'ABLATIVE','DeclensionType':'THIRD_DECLENSION','Genus':'FEMININE','Numerus':'SINGULAR','Pos':'NN'},'name':'veritate'}]}],'name':'veritas@NN'}]">veritate</w><c>,</c><c> </c><w lemma="[{'id':110027,'ls':[{'id':110028,'name':'sicut','wfs':[{'id':110029,'morph':{'Pos':'CON'},'name':'sicut'}]}],'name':'sicut@CON'}]">sicut</w><c> </c><w lemma="[{'id':1155044,'ls':[{'id':5956,'name':'mandatum','wfs':[{'id':1155052,'morph':{'Casus':'ACCUSATIVE','DeclensionType':'SECOND_DECLENSION','Genus':'NEUTER','Numerus':'SINGULAR','Pos':'NN'},'name':'mandatum'},{'id':1155059,'morph':{'Casus':'VOCATIVE','DeclensionType':'SECOND_DECLENSION','Genus':'NEUTER','Numerus':'SINGULAR','Pos':'NN'},'name':'mandatum'},{'id':241453806,'morph':{'Casus':'NOMINATIVE','DeclensionType':'SECOND_DECLENSION','Genus':'NEUTER','Numerus':'SINGULAR','Pos':'NN'},'name':'mandatum'}]}],'name':'mandatum@NN'}]">mandatum</w><c> </c><w lemma="[{'id':3384337,'ls':[{'id':3384338,'name':'accipio','wfs':[{'id':3384462,'morph':{'ConjugationType':'THIRD_CONJUGATION','Mood':'INDICATIVE','Numerus':'PLURAL','Person':'PERSON_1','Pos':'V','Tense':'PERFECT','VerbType':'TRANSITIVE','Voice':'ACTIVE'},'name':'accepimus'}]}],'name':'accipio@V'}]">accepimus</w><c> </c><w lemma="[{'id':109433,'ls':[{'id':109434,'name':'a','wfs':[{'id':109435,'morph':{'Pos':'AP'},'name':'a'}]}],'name':'a@AP'}]">a</w><c> </c><w lemma="[{'id':1228946,'ls':[{'id':6842,'name':'pater','wfs':[{'id':241463114,'morph':{'Casus':'ABLATIVE','DeclensionType':'THIRD_DECLENSION','Genus':'MASCULINE','Numerus':'SINGULAR','Pos':'NN'},'name':'patre'}]}],'name':'pater@NN'}]">Patre</w><c>.</c><milestone n="5" unit="verse"></milestone></s><s><w lemma="[{'id':109828,'ls':[{'id':109829,'name':'et','wfs':[{'id':109830,'morph':{'Pos':'CON'},'name':'et'}]}],'name':'et@CON'}]">Et</w><c> </c><w lemma="[{'id':206572,'ls':[{'id':206573,'name':'nunc','wfs':[{'id':241322948,'morph':{'Pos':'ADV'},'name':'nunc'}]}],'name':'nunc@ADV'}]">nunc</w><c> </c><w lemma="[{'id':7260636,'ls':[{'id':7991,'name':'rogo','wfs':[{'id':7260798,'morph':{'ConjugationType':'FIRST_CONJUGATION','Mood':'INDICATIVE','Numerus':'SINGULAR','Person':'PERSON_1','Pos':'V','Tense':'PRESENT','VerbType':'TRANSITIVE','Voice':'ACTIVE'},'name':'rogo'}]}],'name':'rogo@V'}]">rogo</w><c> </c><w lemma="[{'id':242816823,'ls':[{'id':242816824,'name':'tu','wfs':[{'id':242816825,'morph':{'Casus':'ACCUSATIVE','Genus':'FEMININE','Numerus':'SINGULAR','Pos':'PRO','PronounType':'PERSONAL'},'name':'te'},{'id':244512059,'morph':{'Casus':'ACCUSATIVE','Genus':'MASCULINE','Numerus':'SINGULAR','Pos':'PRO','PronounType':'PERSONAL'},'name':'te'}]}],'name':'tu@PRO'}]">te</w><c> </c><w lemma="[{'id':979655,'ls':[{'id':3698,'name':'domina','wfs':[{'id':979670,'morph':{'Casus':'NOMINATIVE','DeclensionType':'FIRST_DECLENSION','Genus':'FEMININE','Numerus':'SINGULAR','Pos':'NN'},'name':'domina'},{'id':979666,'morph':{'Casus':'ABLATIVE','DeclensionType':'FIRST_DECLENSION','Genus':'FEMININE','Numerus':'SINGULAR','Pos':'NN'},'name':'domina'},{'id':979671,'morph':{'Casus':'VOCATIVE','DeclensionType':'FIRST_DECLENSION','Genus':'FEMININE','Numerus':'SINGULAR','Pos':'NN'},'name':'domina'}]}],'name':'domina@NN'}]">domina</w><c>,</c><c> </c><w lemma="[{'id':206035,'ls':[{'id':6416,'name':'non','wfs':[{'id':241322627,'morph':{'Pos':'ADV'},'name':'non'}]}],'name':'non@ADV'}]">non</w><c> </c><w lemma="[{'id':110045,'ls':[{'id':110046,'name':'tamquam','wfs':[{'id':110047,'morph':{'Pos':'CON'},'name':'tamquam'}]}],'name':'tamquam@CON'}]">tamquam</w><c> </c><w lemma="[{'id':1155044,'ls':[{'id':5956,'name':'mandatum','wfs':[{'id':1155052,'morph':{'Casus':'ACCUSATIVE','DeclensionType':'SECOND_DECLENSION','Genus':'NEUTER','Numerus':'SINGULAR','Pos':'NN'},'name':'mandatum'},{'id':1155059,'morph':{'Casus':'VOCATIVE','DeclensionType':'SECOND_DECLENSION','Genus':'NEUTER','Numerus':'SINGULAR','Pos':'NN'},'name':'mandatum'},{'id':241453806,'morph':{'Casus':'NOMINATIVE','DeclensionType':'SECOND_DECLENSION','Genus':'NEUTER','Numerus':'SINGULAR','Pos':'NN'},'name':'mandatum'}]}],'name':'mandatum@NN'}]">mandatum</w><c> </c><w lemma="[{'id':1193684,'ls':[{'id':1193702,'name':'novum','wfs':[{'id':1193710,'morph':{'Casus':'ACCUSATIVE','DeclensionType':'SECOND_DECLENSION','Genus':'NEUTER','Numerus':'SINGULAR','Pos':'NN'},'name':'novum'},{'id':1193715,'morph':{'Casus':'NOMINATIVE','DeclensionType':'SECOND_DECLENSION','Genus':'NEUTER','Numerus':'SINGULAR','Pos':'NN'},'name':'novum'}]}],'name':'novum@NN'}]">novum</w><c> </c><w lemma="[{'id':7323474,'ls':[{'id':8180,'name':'scribo','wfs':[{'id':7323503,'morph':{'Casus':'NOMINATIVE','ConjugationType':'THIRD_CONJUGATION','DeclensionType':'THIRD_DECLENSION','Genus':'FEMININE','Mood':'PARTICIPLE','Numerus':'SINGULAR','Pos':'V','Tense':'PRESENT','VerbType':'TRANSITIVE','Voice':'ACTIVE'},'name':'scribens'},{'id':498702520,'morph':{'Casus':'NOMINATIVE','ConjugationType':'THIRD_CONJUGATION','Genus':'FEMININE','Mood':'PARTICIPLE','Numerus':'SINGULAR','Pos':'V','Tense':'PRESENT','VerbType':'TRANSITIVE','Voice':'ACTIVE'},'name':'scribens'},{'id':498702525,'morph':{'Casus':'NOMINATIVE','ConjugationType':'THIRD_CONJUGATION','Genus':'MASCULINE','Mood':'PARTICIPLE','Numerus':'SINGULAR','Pos':'V','Tense':'PRESENT','VerbType':'TRANSITIVE','Voice':'ACTIVE'},'name':'scribens'},{'id':7323513,'morph':{'Casus':'NOMINATIVE','ConjugationType':'THIRD_CONJUGATION','DeclensionType':'THIRD_DECLENSION','Genus':'NEUTER','Mood':'PARTICIPLE','Numerus':'SINGULAR','Pos':'V','Tense':'PRESENT','VerbType':'TRANSITIVE','Voice':'ACTIVE'},'name':'scribens'},{'id':498702526,'morph':{'Casus':'ACCUSATIVE','ConjugationType':'THIRD_CONJUGATION','Genus':'NEUTER','Mood':'PARTICIPLE','Numerus':'SINGULAR','Pos':'V','Tense':'PRESENT','VerbType':'TRANSITIVE','Voice':'ACTIVE'},'name':'scribens'},{'id':7323509,'morph':{'Casus':'ACCUSATIVE','ConjugationType':'THIRD_CONJUGATION','DeclensionType':'THIRD_DECLENSION','Genus':'NEUTER','Mood':'PARTICIPLE','Numerus':'SINGULAR','Pos':'V','Tense':'PRESENT','VerbType':'TRANSITIVE','Voice':'ACTIVE'},'name':'scribens'},{'id':498702530,'morph':{'Casus':'NOMINATIVE','ConjugationType':'THIRD_CONJUGATION','Genus':'NEUTER','Mood':'PARTICIPLE','Numerus':'SINGULAR','Pos':'V','Tense':'PRESENT','VerbType':'TRANSITIVE','Voice':'ACTIVE'},'name':'scribens'},{'id':7323508,'morph':{'Casus':'NOMINATIVE','ConjugationType':'THIRD_CONJUGATION','DeclensionType':'THIRD_DECLENSION','Genus':'MASCULINE','Mood':'PARTICIPLE','Numerus':'SINGULAR','Pos':'V','Tense':'PRESENT','VerbType':'TRANSITIVE','Voice':'ACTIVE'},'name':'scribens'}]}],'name':'scribo@V'}]">scribens</w><c> </c><w lemma="[{'id':242816823,'ls':[{'id':242816824,'name':'tu','wfs':[{'id':242816828,'morph':{'Casus':'DATIVE','Genus':'MASCULINE','Numerus':'SINGULAR','Pos':'PRO','PronounType':'PERSONAL'},'name':'tibi'},{'id':244512077,'morph':{'Casus':'DATIVE','Genus':'FEMININE','Numerus':'SINGULAR','Pos':'PRO','PronounType':'PERSONAL'},'name':'tibi'}]}],'name':'tu@PRO'}]">tibi</w><c>,</c><c> </c><w lemma="[{'id':110010,'ls':[{'id':110011,'name':'sed','wfs':[{'id':110012,'morph':{'Pos':'CON'},'name':'sed'}]}],'name':'sed@CON'}]">sed</w><c> </c><w lemma="[{'id':109986,'ls':[{'id':109987,'name':'quod','wfs':[{'id':109988,'morph':{'Pos':'CON'},'name':'quod'}]}],'name':'quod@CON'}]">quod</w><c> </c><w lemma="[{'id':5618354,'ls':[{'id':4757,'name':'habeo','wfs':[{'id':5618475,'morph':{'ConjugationType':'SECOND_CONJUGATION','Mood':'INDICATIVE','Numerus':'PLURAL','Person':'PERSON_1','Pos':'V','Tense':'PERFECT','VerbType':'TRANSITIVE','Voice':'ACTIVE'},'name':'habuimus'}]}],'name':'habeo@V'}]">habuimus</w><c> </c><w lemma="[{'id':109436,'ls':[{'id':109437,'name':'ab','wfs':[{'id':109438,'morph':{'Pos':'AP'},'name':'ab'}]}],'name':'ab@AP'}]">ab</w><c> </c><w lemma="[{'id':1098504,'ls':[{'id':5263,'name':'initium','wfs':[{'id':243369848,'morph':{'Casus':'DATIVE','DeclensionType':'SECOND_DECLENSION','Genus':'NEUTER','Numerus':'SINGULAR','Pos':'NN'},'name':'initio'},{'id':243369847,'morph':{'Casus':'ABLATIVE','DeclensionType':'SECOND_DECLENSION','Genus':'NEUTER','Numerus':'SINGULAR','Pos':'NN'},'name':'initio'}]}],'name':'initium@NN'}]">initio</w><c>,</c><c> </c><w lemma="[{'id':110061,'ls':[{'id':110062,'name':'ut','wfs':[{'id':110063,'morph':{'Pos':'CON'},'name':'ut'}]}],'name':'ut@CON'}]">ut</w><c> </c><w lemma="[{'id':4995044,'ls':[{'id':244530690,'name':'diligo','wfs':[{'id':4995282,'morph':{'ConjugationType':'THIRD_CONJUGATION','Mood':'SUBJUNCTIVE','Numerus':'PLURAL','Person':'PERSON_1','Pos':'V','Tense':'PRESENT','VerbType':'TRANSITIVE','Voice':'ACTIVE'},'name':'diligamus'}]}],'name':'diligo@V'}]">diligamus</w><c> </c><w lemma="[{'id':244509442,'ls':[{'id':244509443,'name':'alteruter','wfs':[{'id':244509463,'morph':{'Casus':'NOMINATIVE','Genus':'NEUTER','Numerus':'SINGULAR','Pos':'PRO','PronounType':'INDEFINITE'},'name':'alterutrum'}]}],'name':'alteruter@PRO'}]">alterutrum</w><c>.</c><milestone n="6" unit="verse"></milestone></s><s><w lemma="[{'id':109828,'ls':[{'id':109829,'name':'et','wfs':[{'id':109830,'morph':{'Pos':'CON'},'name':'et'}]}],'name':'et@CON'}]">Et</w><c> </c><w lemma="[{'id':242815996,'ls':[{'id':242815997,'name':'hic','wfs':[{'id':244509712,'morph':{'Casus':'NOMINATIVE','Genus':'FEMININE','Numerus':'SINGULAR','Pos':'PRO','PronounType':'DEMONSTRATIVE'},'name':'haec'},{'id':244509708,'morph':{'Casus':'NOMINATIVE','Genus':'NEUTER','Numerus':'PLURAL','Pos':'PRO','PronounType':'DEMONSTRATIVE'},'name':'haec'},{'id':244509721,'morph':{'Casus':'ACCUSATIVE','Genus':'NEUTER','Numerus':'PLURAL','Pos':'PRO','PronounType':'DEMONSTRATIVE'},'name':'haec'}]}],'name':'hic@PRO'}]">haec</w><c> </c><w lemma="[{'id':7617143,'ls':[{'id':7617144,'name':'sum','wfs':[{'id':242825881,'morph':{'Mood':'INDICATIVE','Numerus':'SINGULAR','Person':'PERSON_3','Pos':'V','Tense':'PRESENT','VerbType':'VERBA_ANOMALA','Voice':'ACTIVE'},'name':'est'}]}],'name':'sum@V'}]">est</w><c> </c><w lemma="[{'id':834500,'ls':[{'id':1623,'name':'caritas','wfs':[{'id':241411447,'morph':{'Casus':'NOMINATIVE','DeclensionType':'THIRD_DECLENSION','Genus':'FEMININE','Numerus':'SINGULAR','Pos':'NN'},'name':'caritas'},{'id':243276212,'morph':{'Casus':'VOCATIVE','DeclensionType':'THIRD_DECLENSION','Genus':'FEMININE','Numerus':'SINGULAR','Pos':'NN'},'name':'caritas'}]}],'name':'caritas@NN'}]">caritas</w><c>,</c><c> </c><w lemma="[{'id':110061,'ls':[{'id':110062,'name':'ut','wfs':[{'id':110063,'morph':{'Pos':'CON'},'name':'ut'}]}],'name':'ut@CON'}]">ut</w><c> </c><w lemma="[{'id':3599191,'ls':[{'id':692,'name':'ambulo','wfs':[{'id':3599308,'morph':{'ConjugationType':'FIRST_CONJUGATION','Mood':'SUBJUNCTIVE','Numerus':'PLURAL','Person':'PERSON_1','Pos':'V','Tense':'PRESENT','VerbType':'INTRANSITIVE','Voice':'ACTIVE'},'name':'ambulemus'}]}],'name':'ambulo@V'}]">ambulemus</w><c> </c><w lemma="[{'id':109650,'ls':[{'id':109651,'name':'secundum','wfs':[{'id':109652,'morph':{'Pos':'AP'},'name':'secundum'}]}],'name':'secundum@AP'}]">secundum</w><c> </c><w lemma="[{'id':1155044,'ls':[{'id':5956,'name':'mandatum','wfs':[{'id':1155045,'morph':{'Casus':'ACCUSATIVE','DeclensionType':'SECOND_DECLENSION','Genus':'NEUTER','Numerus':'PLURAL','Pos':'NN'},'name':'mandata'},{'id':1155051,'morph':{'Casus':'VOCATIVE','DeclensionType':'SECOND_DECLENSION','Genus':'NEUTER','Numerus':'PLURAL','Pos':'NN'},'name':'mandata'},{'id':1155050,'morph':{'Casus':'NOMINATIVE','DeclensionType':'SECOND_DECLENSION','Genus':'NEUTER','Numerus':'PLURAL','Pos':'NN'},'name':'mandata'}]}],'name':'mandatum@NN'}]">mandata</w><c> </c><w lemma="[{'id':242816207,'ls':[{'id':242816208,'name':'is','wfs':[{'id':244510026,'morph':{'Casus':'GENITIVE','Genus':'NEUTER','Numerus':'SINGULAR','Pos':'PRO','PronounType':'PERSONAL'},'name':'eius'},{'id':297496634,'morph':{'Casus':'GENITIVE','Genus':'MASCULINE','Numerus':'SINGULAR','Pos':'PRO','PronounType':'PERSONAL'},'name':'eius'},{'id':297496633,'morph':{'Casus':'GENITIVE','Genus':'FEMININE','Numerus':'SINGULAR','Pos':'PRO','PronounType':'PERSONAL'},'name':'eius'}]}],'name':'is@PRO'}]">eius</w><c>.</c><c> </c></s><s><w lemma="[{'id':242815996,'ls':[{'id':242815997,'name':'hic','wfs':[{'id':244509722,'morph':{'Casus':'NOMINATIVE','Genus':'NEUTER','Numerus':'SINGULAR','Pos':'PRO','PronounType':'DEMONSTRATIVE'},'name':'hoc'},{'id':36187641,'morph':{'Casus':'ABLATIVE','Genus':'NEUTER','Numerus':'SINGULAR','Pos':'PRO','PronounType':'DEMONSTRATIVE'},'name':'hoc'},{'id':36187642,'morph':{'Casus':'ACCUSATIVE','Genus':'NEUTER','Numerus':'SINGULAR','Pos':'PRO','PronounType':'DEMONSTRATIVE'},'name':'hoc'},{'id':242816022,'morph':{'Casus':'ABLATIVE','Genus':'MASCULINE','Numerus':'SINGULAR','Pos':'PRO','PronounType':'DEMONSTRATIVE'},'name':'hoc'}]}],'name':'hic@PRO'}]">Hoc</w><c> </c><w lemma="[{'id':7617143,'ls':[{'id':7617144,'name':'sum','wfs':[{'id':242825881,'morph':{'Mood':'INDICATIVE','Numerus':'SINGULAR','Person':'PERSON_3','Pos':'V','Tense':'PRESENT','VerbType':'VERBA_ANOMALA','Voice':'ACTIVE'},'name':'est'}]}],'name':'sum@V'}]">est</w><c> </c><w lemma="[{'id':109821,'ls':[{'id':109822,'name':'enim','wfs':[{'id':109823,'morph':{'Pos':'CON'},'name':'enim'}]}],'name':'enim@CON'}]">enim</w><c> </c><w lemma="[{'id':1155044,'ls':[{'id':5956,'name':'mandatum','wfs':[{'id':1155052,'morph':{'Casus':'ACCUSATIVE','DeclensionType':'SECOND_DECLENSION','Genus':'NEUTER','Numerus':'SINGULAR','Pos':'NN'},'name':'mandatum'},{'id':1155059,'morph':{'Casus':'VOCATIVE','DeclensionType':'SECOND_DECLENSION','Genus':'NEUTER','Numerus':'SINGULAR','Pos':'NN'},'name':'mandatum'},{'id':241453806,'morph':{'Casus':'NOMINATIVE','DeclensionType':'SECOND_DECLENSION','Genus':'NEUTER','Numerus':'SINGULAR','Pos':'NN'},'name':'mandatum'}]}],'name':'mandatum@NN'}]">mandatum</w><c>,</c><c> </c><w lemma="[{'id':110061,'ls':[{'id':110062,'name':'ut','wfs':[{'id':110063,'morph':{'Pos':'CON'},'name':'ut'}]}],'name':'ut@CON'}]">ut</w><c> </c><w lemma="[{'id':225864,'ls':[{'id':7687,'name':'quemadmodum','wfs':[{'id':225865,'morph':{'ComparisonDegree':'POSITIVE','Pos':'ADV'},'name':'quemadmodum'}]}],'name':'quemadmodum@ADV'}]">quemadmodum</w><c> </c><w lemma="[{'id':3852536,'ls':[{'id':1192,'name':'audio','wfs':[{'id':244513479,'morph':{'ConjugationType':'FOURTH_CONJUGATION','Mood':'INDICATIVE','Numerus':'PLURAL','Person':'PERSON_2','Pos':'V','Tense':'PERFECT','VerbType':'TRANSITIVE','Voice':'ACTIVE'},'name':'audistis'}]}],'name':'audio@V'}]">audistis</w><c> </c><w lemma="[{'id':109436,'ls':[{'id':109437,'name':'ab','wfs':[{'id':109438,'morph':{'Pos':'AP'},'name':'ab'}]}],'name':'ab@AP'}]">ab</w><c> </c><w lemma="[{'id':1098504,'ls':[{'id':5263,'name':'initium','wfs':[{'id':243369848,'morph':{'Casus':'DATIVE','DeclensionType':'SECOND_DECLENSION','Genus':'NEUTER','Numerus':'SINGULAR','Pos':'NN'},'name':'initio'},{'id':243369847,'morph':{'Casus':'ABLATIVE','DeclensionType':'SECOND_DECLENSION','Genus':'NEUTER','Numerus':'SINGULAR','Pos':'NN'},'name':'initio'}]}],'name':'initium@NN'}]">initio</w><c>,</c><c> </c><w lemma="[{'id':109577,'ls':[{'id':109578,'name':'in','wfs':[{'id':109579,'morph':{'Pos':'AP'},'name':'in'}]}],'name':'in@AP'}]">in</w><c> </c><w lemma="[{'id':242816207,'ls':[{'id':242816208,'name':'is','wfs':[{'id':297496646,'morph':{'Casus':'ABLATIVE','Genus':'NEUTER','Numerus':'SINGULAR','Pos':'PRO','PronounType':'PERSONAL'},'name':'eo'},{'id':382867604,'morph':{'Casus':'ABLATIVE','Genus':'NEUTER','Numerus':'SINGULAR','Pos':'PRO','PronounType':'DEMONSTRATIVE'},'name':'eo'},{'id':548804528,'morph':{'Casus':'ABLATIVE','Genus':'MASCULINE','Numerus':'SINGULAR','Pos':'PRO','PronounType':'DEMONSTRATIVE'},'name':'eo'},{'id':244510037,'morph':{'Casus':'ABLATIVE','Genus':'MASCULINE','Numerus':'SINGULAR','Pos':'PRO','PronounType':'PERSONAL'},'name':'eo'}]}],'name':'is@PRO'}]">eo</w><c> </c><w lemma="[{'id':3599191,'ls':[{'id':692,'name':'ambulo','wfs':[{'id':3599399,'morph':{'ConjugationType':'FIRST_CONJUGATION','Mood':'SUBJUNCTIVE','Numerus':'PLURAL','Person':'PERSON_2','Pos':'V','Tense':'PRESENT','VerbType':'INTRANSITIVE','Voice':'ACTIVE'},'name':'ambuletis'}]}],'name':'ambulo@V'}]">ambuletis</w><c>.</c></s></p><p><s><milestone n="7" unit="verse"></milestone><w lemma="[{'id':110002,'ls':[{'id':110003,'name':'quoniam','wfs':[{'id':110004,'morph':{'Pos':'CON'},'name':'quoniam'}]}],'name':'quoniam@CON'}]">Quoniam</w><c> </c><w lemma="[{'id':2682048,'ls':[{'id':6255,'name':'multus','wfs':[{'id':2682152,'morph':{'Casus':'GENITIVE','ComparisonDegree':'POSITIVE','DeclensionType':'SECOND_DECLENSION','Genus':'NEUTER','Numerus':'SINGULAR','Pos':'ADJ'},'name':'multi'},{'id':2682089,'morph':{'Casus':'VOCATIVE','ComparisonDegree':'POSITIVE','DeclensionType':'SECOND_DECLENSION','Genus':'MASCULINE','Numerus':'PLURAL','Pos':'ADJ'},'name':'multi'},{'id':2682135,'morph':{'Casus':'GENITIVE','ComparisonDegree':'POSITIVE','DeclensionType':'SECOND_DECLENSION','Genus':'MASCULINE','Numerus':'SINGULAR','Pos':'ADJ'},'name':'multi'},{'id':2682087,'morph':{'Casus':'NOMINATIVE','ComparisonDegree':'POSITIVE','DeclensionType':'SECOND_DECLENSION','Genus':'MASCULINE','Numerus':'PLURAL','Pos':'ADJ'},'name':'multi'}]}],'name':'multus@ADJ'}]">multi</w><c> </c><w lemma="[{'id':1352434,'ls':[{'id':8223,'name':'seductor','wfs':[{'id':1352442,'morph':{'Casus':'NOMINATIVE','DeclensionType':'THIRD_DECLENSION','Genus':'MASCULINE','Numerus':'PLURAL','Pos':'NN'},'name':'seductores'},{'id':1352435,'morph':{'Casus':'ACCUSATIVE','DeclensionType':'THIRD_DECLENSION','Genus':'MASCULINE','Numerus':'PLURAL','Pos':'NN'},'name':'seductores'}]}],'name':'seductor@NN'}]">seductores</w><c> </c><w lemma="[{'id':5355997,'ls':[{'id':4065,'name':'exeo','wfs':[{'id':434613,'morph':{'Mood':'INDICATIVE','Numerus':'PLURAL','Person':'PERSON_3','Pos':'V','Tense':'PERFECT','VerbType':'VERBA_ANOMALA','Voice':'ACTIVE'},'name':'exierunt'},{'id':5356110,'morph':{'Mood':'INDICATIVE','Numerus':'PLURAL','Person':'PERSON_3','Pos':'V','Tense':'PERFECT','VerbType':'TRANSITIVE','Voice':'ACTIVE'},'name':'exierunt'}]}],'name':'exeo@V'}]">exierunt</w><c> </c><w lemma="[{'id':109577,'ls':[{'id':109578,'name':'in','wfs':[{'id':109579,'morph':{'Pos':'AP'},'name':'in'}]}],'name':'in@AP'}]">in</w><c> </c><w lemma="[{'id':1178111,'ls':[{'id':6265,'name':'mundus','wfs':[{'id':1178136,'morph':{'Casus':'ACCUSATIVE','DeclensionType':'SECOND_DECLENSION','Genus':'MASCULINE','Numerus':'SINGULAR','Pos':'NN'},'name':'mundum'}]}],'name':'mundus@NN'}]">mundum</w><c>,</c><c> </c><w lemma="[{'id':242816363,'ls':[{'id':242816364,'name':'qui','wfs':[{'id':296826592,'morph':{'Casus':'NOMINATIVE','Genus':'MASCULINE','Numerus':'PLURAL','Pos':'PRO','PronounType':'RELATIVE'},'name':'qui'},{'id':244511016,'morph':{'Casus':'NOMINATIVE','Genus':'MASCULINE','Numerus':'SINGULAR','Pos':'PRO','PronounType':'RELATIVE'},'name':'qui'},{'id':382851706,'morph':{'Casus':'NOMINATIVE','Genus':'NEUTER','Numerus':'PLURAL','Pos':'PRO','PronounType':'RELATIVE'},'name':'qui'},{'id':382871756,'morph':{'Casus':'NOMINATIVE','Genus':'FEMININE','Numerus':'PLURAL','Pos':'PRO','PronounType':'RELATIVE'},'name':'qui'},{'id':594773492,'morph':{'Casus':'NOMINATIVE','Genus':'FEMININE','Numerus':'SINGULAR','Pos':'PRO','PronounType':'RELATIVE'},'name':'qui'}]}],'name':'qui@PRO'}]">qui</w><c> </c><w lemma="[{'id':206035,'ls':[{'id':6416,'name':'non','wfs':[{'id':241322627,'morph':{'Pos':'ADV'},'name':'non'}]}],'name':'non@ADV'}]">non</w><c> </c><w lemma="[{'id':4428929,'ls':[{'id':481107617,'name':'confiteor','wfs':[{'id':481107820,'morph':{'ConjugationType':'SECOND_CONJUGATION','Mood':'INDICATIVE','Numerus':'PLURAL','Person':'PERSON_3','Pos':'V','Tense':'PRESENT','VerbType':'DEPONENT','Voice':'PASSIVE'},'name':'confitentur'}]}],'name':'confiteor@V'}]">confitentur</w><c> </c><w lemma="[{'id':241370321,'ls':[{'id':241370322,'name':'Iesus','wfs':[{'id':241370325,'morph':{'Pos':'NP'},'name':'iesum'}]}],'name':'Iesus@NP'}]">Iesum</w><c> </c><w lemma="[{'id':514504138,'ls':[{'id':514504139,'name':'christus','wfs':[{'id':514504147,'morph':{'Casus':'ACCUSATIVE','DeclensionType':'SECOND_DECLENSION','Genus':'MASCULINE','Numerus':'SINGULAR','Pos':'NN'},'name':'christum'}]}],'name':'christus@NN'}]">Christum</w><c> </c><w lemma="[{'id':7964639,'ls':[{'id':9166,'name':'venio','wfs':[{'id':7965124,'morph':{'ConjugationType':'FOURTH_CONJUGATION','Mood':'INFINITIVE','Pos':'V','Tense':'PERFECT','VerbType':'INTRANSITIVE','Voice':'ACTIVE'},'name':'venisse'}]}],'name':'venio@V'}]">venisse</w><c> </c><w lemma="[{'id':109577,'ls':[{'id':109578,'name':'in','wfs':[{'id':109579,'morph':{'Pos':'AP'},'name':'in'}]}],'name':'in@AP'}]">in</w><c> </c><w lemma="[{'id':834828,'ls':[{'id':834829,'name':'carnis','wfs':[{'id':243276397,'morph':{'Casus':'ACCUSATIVE','DeclensionType':'THIRD_DECLENSION','Genus':'FEMININE','Numerus':'SINGULAR','Pos':'NN'},'name':'carnem'}]}],'name':'caro@NN'}]">carnem</w><c>:</c><c> </c><w lemma="[{'id':242815996,'ls':[{'id':242815997,'name':'hic','wfs':[{'id':242816011,'morph':{'Casus':'NOMINATIVE','Genus':'MASCULINE','Numerus':'SINGULAR','Pos':'PRO','PronounType':'DEMONSTRATIVE'},'name':'hic'}]}],'name':'hic@PRO'}]">hic</w><c> </c><w lemma="[{'id':7617143,'ls':[{'id':7617144,'name':'sum','wfs':[{'id':242825881,'morph':{'Mood':'INDICATIVE','Numerus':'SINGULAR','Person':'PERSON_3','Pos':'V','Tense':'PRESENT','VerbType':'VERBA_ANOMALA','Voice':'ACTIVE'},'name':'est'}]}],'name':'sum@V'}]">est</w><c> </c><w lemma="[{'id':1352434,'ls':[{'id':8223,'name':'seductor','wfs':[{'id':243458398,'morph':{'Casus':'VOCATIVE','DeclensionType':'THIRD_DECLENSION','Genus':'MASCULINE','Numerus':'SINGULAR','Pos':'NN'},'name':'seductor'},{'id':1352447,'morph':{'Casus':'NOMINATIVE','DeclensionType':'THIRD_DECLENSION','Genus':'MASCULINE','Numerus':'SINGULAR','Pos':'NN'},'name':'seductor'}]}],'name':'seductor@NN'}]">seductor</w><c>,</c><c> </c><w lemma="[{'id':109828,'ls':[{'id':109829,'name':'et','wfs':[{'id':109830,'morph':{'Pos':'CON'},'name':'et'}]}],'name':'et@CON'}]">et</w><c> </c><w lemma="[{'id':297998,'ls':[{'id':840,'name':'Antichristus','wfs':[{'id':298013,'morph':{'Casus':'NOMINATIVE','DeclensionType':'SECOND_DECLENSION','Genus':'MASCULINE','Numerus':'SINGULAR','Pos':'NE'},'name':'Antichristus'},{'id':251222962,'morph':{'Casus':'NOMINATIVE','DeclensionType':'FIRST_DECLENSION','Genus':'MASCULINE','Numerus':'SINGULAR','Pos':'NE'},'name':'Antichristus'}]}],'name':'Antichristus@NE'}]">antichristus</w><c>.</c><milestone n="8" unit="verse"></milestone></s><s><w lemma="[{'id':8004098,'ls':[{'id':9253,'name':'video','wfs':[{'id':8004686,'morph':{'ConjugationType':'SECOND_CONJUGATION','Mood':'IMPERATIVE','Numerus':'PLURAL','Person':'PERSON_2','Pos':'V','Tense':'PRESENT','VerbType':'TRANSITIVE','Voice':'ACTIVE'},'name':'videte'}]}],'name':'video@V'}]">Videte</w><c> </c><w lemma="[{'id':242816766,'ls':[{'id':242816767,'name':'semetipse','wfs':[{'id':242816784,'morph':{'Pos':'PRO'},'name':'vosmetipsos'}]}],'name':'semetipse@PRO'}]">vosmetipsos</w><c>,</c><c> </c><w lemma="[{'id':109868,'ls':[{'id':109869,'name':'ne','wfs':[{'id':109870,'morph':{'Pos':'CON'},'name':'ne'}]}],'name':'ne@CON'}]">ne</w><c> </c><w lemma="[{'id':6585053,'ls':[{'id':6933,'name':'perdo','wfs':[{'id':6585247,'morph':{'ConjugationType':'THIRD_CONJUGATION','Mood':'SUBJUNCTIVE','Numerus':'PLURAL','Person':'PERSON_2','Pos':'V','Tense':'PRESENT','VerbType':'TRANSITIVE','Voice':'ACTIVE'},'name':'perdatis'}]},{'id':496357615,'name':'perdo','wfs':[{'id':496357804,'morph':{'ConjugationType':'THIRD_CONJUGATION','Mood':'SUBJUNCTIVE','Numerus':'PLURAL','Person':'PERSON_2','Pos':'V','Tense':'PRESENT','VerbType':'TRANSITIVE','Voice':'ACTIVE'},'name':'perdatis'}]}],'name':'perdo@V'}]">perdatis</w><c> </c><w lemma="[{'id':242816363,'ls':[{'id':242816364,'name':'qui','wfs':[{'id':389792491,'morph':{'Casus':'NOMINATIVE','Genus':'FEMININE','Numerus':'PLURAL','Pos':'PRO','PronounType':'INTERROGATIVE'},'name':'quae'},{'id':244511026,'morph':{'Casus':'NOMINATIVE','Genus':'NEUTER','Numerus':'PLURAL','Pos':'PRO','PronounType':'RELATIVE'},'name':'quae'},{'id':480989834,'morph':{'Casus':'NOMINATIVE','Genus':'FEMININE','Numerus':'PLURAL','Pos':'PRO','PronounType':'RELATIVE'},'name':'quae'},{'id':531770785,'morph':{'Casus':'NOMINATIVE','Genus':'NEUTER','Numerus':'SINGULAR','Pos':'PRO','PronounType':'RELATIVE'},'name':'quae'},{'id':296826594,'morph':{'Casus':'NOMINATIVE','Genus':'FEMININE','Numerus':'SINGULAR','Pos':'PRO','PronounType':'RELATIVE'},'name':'quae'},{'id':242816385,'morph':{'Casus':'ACCUSATIVE','Genus':'NEUTER','Numerus':'PLURAL','Pos':'PRO','PronounType':'RELATIVE'},'name':'quae'},{'id':539256815,'morph':{'Pos':'PRO'},'name':'quae'},{'id':594750172,'morph':{'Casus':'ACCUSATIVE','Genus':'NEUTER','Numerus':'PLURAL','Pos':'PRO','PronounType':'INTERROGATIVE'},'name':'quae'},{'id':382867645,'morph':{'Casus':'NOMINATIVE','Genus':'MASCULINE','Numerus':'PLURAL','Pos':'PRO','PronounType':'RELATIVE'},'name':'quae'}]}],'name':'qui@PRO'}]">quae</w><c> </c><w lemma="[{'id':6483200,'ls':[{'id':6483201,'name':'opero','wfs':[{'id':6483424,'morph':{'ConjugationType':'FIRST_CONJUGATION','Genus':'MASCULINE','Mood':'INDICATIVE','Numerus':'PLURAL','Person':'PERSON_2','Pos':'V','Tense':'FUTURE_PERFECT','VerbType':'TRANSITIVE','Voice':'PASSIVE'},'name':'operati'},{'id':6483494,'morph':{'ConjugationType':'FIRST_CONJUGATION','Genus':'MASCULINE','Mood':'INDICATIVE','Numerus':'PLURAL','Person':'PERSON_3','Pos':'V','Tense':'PLUPERFECT','VerbType':'TRANSITIVE','Voice':'PASSIVE'},'name':'operati'},{'id':6483334,'morph':{'ConjugationType':'FIRST_CONJUGATION','Genus':'MASCULINE','Mood':'SUBJUNCTIVE','Numerus':'PLURAL','Person':'PERSON_1','Pos':'V','Tense':'PERFECT','VerbType':'TRANSITIVE','Voice':'PASSIVE'},'name':'operati'},{'id':6483398,'morph':{'ConjugationType':'FIRST_CONJUGATION','Genus':'MASCULINE','Mood':'INDICATIVE','Numerus':'PLURAL','Person':'PERSON_2','Pos':'V','Tense':'PLUPERFECT','VerbType':'TRANSITIVE','Voice':'PASSIVE'},'name':'operati'},{'id':6483268,'morph':{'Casus':'GENITIVE','ConjugationType':'FIRST_CONJUGATION','Genus':'MASCULINE','Mood':'PARTICIPLE','Numerus':'SINGULAR','Pos':'V','Tense':'PERFECT','VerbType':'TRANSITIVE','Voice':'PASSIVE'},'name':'operati'},{'id':6483524,'morph':{'ConjugationType':'FIRST_CONJUGATION','Genus':'MASCULINE','Mood':'INDICATIVE','Numerus':'PLURAL','Person':'PERSON_3','Pos':'V','Tense':'FUTURE_PERFECT','VerbType':'TRANSITIVE','Voice':'PASSIVE'},'name':'operati'},{'id':6483499,'morph':{'ConjugationType':'FIRST_CONJUGATION','Genus':'MASCULINE','Mood':'SUBJUNCTIVE','Numerus':'PLURAL','Person':'PERSON_3','Pos':'V','Tense':'PLUPERFECT','VerbType':'TRANSITIVE','Voice':'PASSIVE'},'name':'operati'},{'id':6483275,'morph':{'Casus':'GENITIVE','ConjugationType':'FIRST_CONJUGATION','Genus':'NEUTER','Mood':'PARTICIPLE','Numerus':'SINGULAR','Pos':'V','Tense':'PERFECT','VerbType':'TRANSITIVE','Voice':'PASSIVE'},'name':'operati'},{'id':6483403,'morph':{'ConjugationType':'FIRST_CONJUGATION','Genus':'MASCULINE','Mood':'SUBJUNCTIVE','Numerus':'PLURAL','Person':'PERSON_2','Pos':'V','Tense':'PLUPERFECT','VerbType':'TRANSITIVE','Voice':'PASSIVE'},'name':'operati'},{'id':6483305,'morph':{'ConjugationType':'FIRST_CONJUGATION','Genus':'MASCULINE','Mood':'INDICATIVE','Numerus':'PLURAL','Person':'PERSON_1','Pos':'V','Tense':'PLUPERFECT','VerbType':'TRANSITIVE','Voice':'PASSIVE'},'name':'operati'},{'id':6483341,'morph':{'ConjugationType':'FIRST_CONJUGATION','Genus':'MASCULINE','Mood':'INDICATIVE','Numerus':'PLURAL','Person':'PERSON_1','Pos':'V','Tense':'FUTURE_PERFECT','VerbType':'TRANSITIVE','Voice':'PASSIVE'},'name':'operati'},{'id':6483312,'morph':{'ConjugationType':'FIRST_CONJUGATION','Genus':'MASCULINE','Mood':'SUBJUNCTIVE','Numerus':'PLURAL','Person':'PERSON_1','Pos':'V','Tense':'PLUPERFECT','VerbType':'TRANSITIVE','Voice':'PASSIVE'},'name':'operati'},{'id':6483414,'morph':{'ConjugationType':'FIRST_CONJUGATION','Genus':'MASCULINE','Mood':'INDICATIVE','Numerus':'PLURAL','Person':'PERSON_2','Pos':'V','Tense':'PERFECT','VerbType':'TRANSITIVE','Voice':'PASSIVE'},'name':'operati'},{'id':6483252,'morph':{'Casus':'NOMINATIVE','ConjugationType':'FIRST_CONJUGATION','Genus':'MASCULINE','Mood':'PARTICIPLE','Numerus':'PLURAL','Pos':'V','Tense':'PERFECT','VerbType':'TRANSITIVE','Voice':'PASSIVE'},'name':'operati'},{'id':6483514,'morph':{'ConjugationType':'FIRST_CONJUGATION','Genus':'MASCULINE','Mood':'INDICATIVE','Numerus':'PLURAL','Person':'PERSON_3','Pos':'V','Tense':'PERFECT','VerbType':'TRANSITIVE','Voice':'PASSIVE'},'name':'operati'},{'id':6483419,'morph':{'ConjugationType':'FIRST_CONJUGATION','Genus':'MASCULINE','Mood':'SUBJUNCTIVE','Numerus':'PLURAL','Person':'PERSON_2','Pos':'V','Tense':'PERFECT','VerbType':'TRANSITIVE','Voice':'PASSIVE'},'name':'operati'},{'id':6483519,'morph':{'ConjugationType':'FIRST_CONJUGATION','Genus':'MASCULINE','Mood':'SUBJUNCTIVE','Numerus':'PLURAL','Person':'PERSON_3','Pos':'V','Tense':'PERFECT','VerbType':'TRANSITIVE','Voice':'PASSIVE'},'name':'operati'},{'id':6483327,'morph':{'ConjugationType':'FIRST_CONJUGATION','Genus':'MASCULINE','Mood':'INDICATIVE','Numerus':'PLURAL','Person':'PERSON_1','Pos':'V','Tense':'PERFECT','VerbType':'TRANSITIVE','Voice':'PASSIVE'},'name':'operati'}]}],'name':'opero@V'},{'id':1212447,'ls':[{'id':1212448,'name':'operatus','wfs':[{'id':241461060,'morph':{'Casus':'NOMINATIVE','DeclensionType':'SECOND_DECLENSION','Genus':'MASCULINE','Numerus':'PLURAL','Pos':'NN'},'name':'operati'},{'id':241461055,'morph':{'Casus':'ACCUSATIVE','DeclensionType':'SECOND_DECLENSION','Genus':'MASCULINE','Numerus':'PLURAL','Pos':'NN'},'name':'operati'},{'id':241461067,'morph':{'Casus':'GENITIVE','DeclensionType':'SECOND_DECLENSION','Genus':'MASCULINE','Numerus':'SINGULAR','Pos':'NN'},'name':'operati'}]}],'name':'operatus@NN'},{'id':6483639,'ls':[{'id':6483640,'name':'opero','wfs':[{'id':6483938,'morph':{'ConjugationType':'FIRST_CONJUGATION','Genus':'MASCULINE','Mood':'SUBJUNCTIVE','Numerus':'PLURAL','Person':'PERSON_3','Pos':'V','Tense':'PLUPERFECT','VerbType':'TRANSITIVE','Voice':'PASSIVE'},'name':'operati'},{'id':6483842,'morph':{'ConjugationType':'FIRST_CONJUGATION','Genus':'MASCULINE','Mood':'SUBJUNCTIVE','Numerus':'PLURAL','Person':'PERSON_2','Pos':'V','Tense':'PLUPERFECT','VerbType':'TRANSITIVE','Voice':'PASSIVE'},'name':'operati'},{'id':6483714,'morph':{'Casus':'GENITIVE','ConjugationType':'FIRST_CONJUGATION','Genus':'NEUTER','Mood':'PARTICIPLE','Numerus':'SINGULAR','Pos':'V','Tense':'PERFECT','VerbType':'TRANSITIVE','Voice':'PASSIVE'},'name':'operati'},{'id':6483744,'morph':{'ConjugationType':'FIRST_CONJUGATION','Genus':'MASCULINE','Mood':'INDICATIVE','Numerus':'PLURAL','Person':'PERSON_1','Pos':'V','Tense':'PLUPERFECT','VerbType':'TRANSITIVE','Voice':'PASSIVE'},'name':'operati'},{'id':6483751,'morph':{'ConjugationType':'FIRST_CONJUGATION','Genus':'MASCULINE','Mood':'SUBJUNCTIVE','Numerus':'PLURAL','Person':'PERSON_1','Pos':'V','Tense':'PLUPERFECT','VerbType':'TRANSITIVE','Voice':'PASSIVE'},'name':'operati'},{'id':6483780,'morph':{'ConjugationType':'FIRST_CONJUGATION','Genus':'MASCULINE','Mood':'INDICATIVE','Numerus':'PLURAL','Person':'PERSON_1','Pos':'V','Tense':'FUTURE_PERFECT','VerbType':'TRANSITIVE','Voice':'PASSIVE'},'name':'operati'},{'id':6483691,'morph':{'Casus':'NOMINATIVE','ConjugationType':'FIRST_CONJUGATION','Genus':'MASCULINE','Mood':'PARTICIPLE','Numerus':'PLURAL','Pos':'V','Tense':'PERFECT','VerbType':'TRANSITIVE','Voice':'PASSIVE'},'name':'operati'},{'id':6483853,'morph':{'ConjugationType':'FIRST_CONJUGATION','Genus':'MASCULINE','Mood':'INDICATIVE','Numerus':'PLURAL','Person':'PERSON_2','Pos':'V','Tense':'PERFECT','VerbType':'TRANSITIVE','Voice':'PASSIVE'},'name':'operati'},{'id':6483858,'morph':{'ConjugationType':'FIRST_CONJUGATION','Genus':'MASCULINE','Mood':'SUBJUNCTIVE','Numerus':'PLURAL','Person':'PERSON_2','Pos':'V','Tense':'PERFECT','VerbType':'TRANSITIVE','Voice':'PASSIVE'},'name':'operati'},{'id':6483953,'morph':{'ConjugationType':'FIRST_CONJUGATION','Genus':'MASCULINE','Mood':'INDICATIVE','Numerus':'PLURAL','Person':'PERSON_3','Pos':'V','Tense':'PERFECT','VerbType':'TRANSITIVE','Voice':'PASSIVE'},'name':'operati'},{'id':6483958,'morph':{'ConjugationType':'FIRST_CONJUGATION','Genus':'MASCULINE','Mood':'SUBJUNCTIVE','Numerus':'PLURAL','Person':'PERSON_3','Pos':'V','Tense':'PERFECT','VerbType':'TRANSITIVE','Voice':'PASSIVE'},'name':'operati'},{'id':6483766,'morph':{'ConjugationType':'FIRST_CONJUGATION','Genus':'MASCULINE','Mood':'INDICATIVE','Numerus':'PLURAL','Person':'PERSON_1','Pos':'V','Tense':'PERFECT','VerbType':'TRANSITIVE','Voice':'PASSIVE'},'name':'operati'},{'id':6483863,'morph':{'ConjugationType':'FIRST_CONJUGATION','Genus':'MASCULINE','Mood':'INDICATIVE','Numerus':'PLURAL','Person':'PERSON_2','Pos':'V','Tense':'FUTURE_PERFECT','VerbType':'TRANSITIVE','Voice':'PASSIVE'},'name':'operati'},{'id':6483963,'morph':{'ConjugationType':'FIRST_CONJUGATION','Genus':'MASCULINE','Mood':'INDICATIVE','Numerus':'PLURAL','Person':'PERSON_3','Pos':'V','Tense':'FUTURE_PERFECT','VerbType':'TRANSITIVE','Voice':'PASSIVE'},'name':'operati'},{'id':6483707,'morph':{'Casus':'GENITIVE','ConjugationType':'FIRST_CONJUGATION','Genus':'MASCULINE','Mood':'PARTICIPLE','Numerus':'SINGULAR','Pos':'V','Tense':'PERFECT','VerbType':'TRANSITIVE','Voice':'PASSIVE'},'name':'operati'},{'id':6483837,'morph':{'ConjugationType':'FIRST_CONJUGATION','Genus':'MASCULINE','Mood':'INDICATIVE','Numerus':'PLURAL','Person':'PERSON_2','Pos':'V','Tense':'PLUPERFECT','VerbType':'TRANSITIVE','Voice':'PASSIVE'},'name':'operati'},{'id':6483773,'morph':{'ConjugationType':'FIRST_CONJUGATION','Genus':'MASCULINE','Mood':'SUBJUNCTIVE','Numerus':'PLURAL','Person':'PERSON_1','Pos':'V','Tense':'PERFECT','VerbType':'TRANSITIVE','Voice':'PASSIVE'},'name':'operati'},{'id':6483933,'morph':{'ConjugationType':'FIRST_CONJUGATION','Genus':'MASCULINE','Mood':'INDICATIVE','Numerus':'PLURAL','Person':'PERSON_3','Pos':'V','Tense':'PLUPERFECT','VerbType':'TRANSITIVE','Voice':'PASSIVE'},'name':'operati'}]}],'name':'operor@V'},{'id':242351678,'ls':[{'id':242351679,'name':'operatus','wfs':[{'id':242351720,'morph':{'Casus':'VOCATIVE','ComparisonDegree':'POSITIVE','DeclensionType':'SECOND_DECLENSION','Genus':'MASCULINE','Numerus':'PLURAL','Pos':'ADJ'},'name':'operati'},{'id':242351781,'morph':{'Casus':'GENITIVE','ComparisonDegree':'POSITIVE','DeclensionType':'SECOND_DECLENSION','Genus':'NEUTER','Numerus':'SINGULAR','Pos':'ADJ'},'name':'operati'},{'id':242351765,'morph':{'Casus':'GENITIVE','ComparisonDegree':'POSITIVE','DeclensionType':'SECOND_DECLENSION','Genus':'MASCULINE','Numerus':'SINGULAR','Pos':'ADJ'},'name':'operati'},{'id':242351718,'morph':{'Casus':'NOMINATIVE','ComparisonDegree':'POSITIVE','DeclensionType':'SECOND_DECLENSION','Genus':'MASCULINE','Numerus':'PLURAL','Pos':'ADJ'},'name':'operati'}]}],'name':'operatus@ADJ'}]">operati</w><c> </c><w lemma="[{'id':7617143,'ls':[{'id':7617144,'name':'sum','wfs':[{'id':244519817,'morph':{'Mood':'INDICATIVE','Numerus':'PLURAL','Person':'PERSON_2','Pos':'V','Tense':'PRESENT','VerbType':'VERBA_ANOMALA','Voice':'ACTIVE'},'name':'estis'}]}],'name':'sum@V'}]">estis</w><c>:</c><c> </c><w lemma="[{'id':110010,'ls':[{'id':110011,'name':'sed','wfs':[{'id':110012,'morph':{'Pos':'CON'},'name':'sed'}]}],'name':'sed@CON'}]">sed</w><c> </c><w lemma="[{'id':110061,'ls':[{'id':110062,'name':'ut','wfs':[{'id':110063,'morph':{'Pos':'CON'},'name':'ut'}]}],'name':'ut@CON'}]">ut</w><c> </c><w lemma="[{'id':241454935,'ls':[{'id':241454936,'name':'merces','wfs':[{'id':244750425,'morph':{'Casus':'ACCUSATIVE','DeclensionType':'THIRD_DECLENSION','Genus':'FEMININE','Numerus':'SINGULAR','Pos':'NN'},'name':'mercedem'}]}],'name':'merces@NN'}]">mercedem</w><c> </c><w lemma="[{'id':2839273,'ls':[{'id':2839274,'name':'plenus','wfs':[{'id':2839346,'morph':{'Casus':'ACCUSATIVE','ComparisonDegree':'POSITIVE','DeclensionType':'FIRST_DECLENSION','Genus':'FEMININE','Numerus':'SINGULAR','Pos':'ADJ'},'name':'plenam'}]}],'name':'plenus@ADJ'}]">plenam</w><c> </c><w lemma="[{'id':3384337,'ls':[{'id':3384338,'name':'accipio','wfs':[{'id':3384536,'morph':{'ConjugationType':'THIRD_CONJUGATION','Mood':'SUBJUNCTIVE','Numerus':'PLURAL','Person':'PERSON_2','Pos':'V','Tense':'PRESENT','VerbType':'TRANSITIVE','Voice':'ACTIVE'},'name':'accipiatis'}]}],'name':'accipio@V'}]">accipiatis</w><c>.</c><milestone n="9" unit="verse"></milestone></s><s><w lemma="[{'id':2744416,'ls':[{'id':6625,'name':'omnis','wfs':[{'id':2744443,'morph':{'Casus':'VOCATIVE','ComparisonDegree':'POSITIVE','DeclensionType':'THIRD_DECLENSION','Genus':'MASCULINE','Numerus':'SINGULAR','Pos':'ADJ'},'name':'omnis'},{'id':242349890,'morph':{'Casus':'NOMINATIVE','ComparisonDegree':'POSITIVE','DeclensionType':'THIRD_DECLENSION','Genus':'MASCULINE','Numerus':'SINGULAR','Pos':'ADJ'},'name':'omnis'},{'id':2744445,'morph':{'Casus':'ACCUSATIVE','ComparisonDegree':'POSITIVE','DeclensionType':'THIRD_DECLENSION','Genus':'FEMININE','Numerus':'PLURAL','Pos':'ADJ'},'name':'omnis'},{'id':2744444,'morph':{'Casus':'VOCATIVE','ComparisonDegree':'POSITIVE','DeclensionType':'THIRD_DECLENSION','Genus':'FEMININE','Numerus':'SINGULAR','Pos':'ADJ'},'name':'omnis'},{'id':242349879,'morph':{'Casus':'NOMINATIVE','ComparisonDegree':'POSITIVE','DeclensionType':'THIRD_DECLENSION','Genus':'FEMININE','Numerus':'SINGULAR','Pos':'ADJ'},'name':'omnis'},{'id':2744449,'morph':{'Casus':'ACCUSATIVE','ComparisonDegree':'POSITIVE','DeclensionType':'THIRD_DECLENSION','Genus':'MASCULINE','Numerus':'PLURAL','Pos':'ADJ'},'name':'omnis'},{'id':498535599,'morph':{'Casus':'NOMINATIVE','ComparisonDegree':'POSITIVE','DeclensionType':'THIRD_DECLENSION','Genus':'FEMININE','Numerus':'PLURAL','Pos':'ADJ'},'name':'omnis'},{'id':2744451,'morph':{'Casus':'GENITIVE','ComparisonDegree':'POSITIVE','DeclensionType':'THIRD_DECLENSION','Genus':'MASCULINE','Numerus':'SINGULAR','Pos':'ADJ'},'name':'omnis'},{'id':2744450,'morph':{'Casus':'GENITIVE','ComparisonDegree':'POSITIVE','DeclensionType':'THIRD_DECLENSION','Genus':'FEMININE','Numerus':'SINGULAR','Pos':'ADJ'},'name':'omnis'},{'id':2744455,'morph':{'Casus':'GENITIVE','ComparisonDegree':'POSITIVE','DeclensionType':'THIRD_DECLENSION','Genus':'NEUTER','Numerus':'SINGULAR','Pos':'ADJ'},'name':'omnis'}]}],'name':'omnis@ADJ'}]">Omnis</w><c> </c><w lemma="[{'id':242816363,'ls':[{'id':242816364,'name':'qui','wfs':[{'id':296826592,'morph':{'Casus':'NOMINATIVE','Genus':'MASCULINE','Numerus':'PLURAL','Pos':'PRO','PronounType':'RELATIVE'},'name':'qui'},{'id':244511016,'morph':{'Casus':'NOMINATIVE','Genus':'MASCULINE','Numerus':'SINGULAR','Pos':'PRO','PronounType':'RELATIVE'},'name':'qui'},{'id':382851706,'morph':{'Casus':'NOMINATIVE','Genus':'NEUTER','Numerus':'PLURAL','Pos':'PRO','PronounType':'RELATIVE'},'name':'qui'},{'id':382871756,'morph':{'Casus':'NOMINATIVE','Genus':'FEMININE','Numerus':'PLURAL','Pos':'PRO','PronounType':'RELATIVE'},'name':'qui'},{'id':594773492,'morph':{'Casus':'NOMINATIVE','Genus':'FEMININE','Numerus':'SINGULAR','Pos':'PRO','PronounType':'RELATIVE'},'name':'qui'}]}],'name':'qui@PRO'}]">qui</w><c> </c><w lemma="[{'id':7054911,'ls':[{'id':7752,'name':'recedo','wfs':[{'id':7055232,'morph':{'ConjugationType':'THIRD_CONJUGATION','Mood':'INDICATIVE','Numerus':'SINGULAR','Person':'PERSON_3','Pos':'V','Tense':'PRESENT','VerbType':'TRANSITIVE','Voice':'ACTIVE'},'name':'recedit'}]}],'name':'recedo@V'}]">recedit</w><c>,</c><c> </c><w lemma="[{'id':109828,'ls':[{'id':109829,'name':'et','wfs':[{'id':109830,'morph':{'Pos':'CON'},'name':'et'}]}],'name':'et@CON'}]">et</w><c> </c><w lemma="[{'id':206035,'ls':[{'id':6416,'name':'non','wfs':[{'id':241322627,'morph':{'Pos':'ADV'},'name':'non'}]}],'name':'non@ADV'}]">non</w><c> </c><w lemma="[{'id':6621230,'ls':[{'id':6979,'name':'permaneo','wfs':[{'id':6621639,'morph':{'ConjugationType':'SECOND_CONJUGATION','Mood':'INDICATIVE','Numerus':'SINGULAR','Person':'PERSON_3','Pos':'V','Tense':'PRESENT','VerbType':'TRANSITIVE','Voice':'ACTIVE'},'name':'permanet'}]}],'name':'permaneo@V'}]">permanet</w><c> </c><w lemma="[{'id':109577,'ls':[{'id':109578,'name':'in','wfs':[{'id':109579,'morph':{'Pos':'AP'},'name':'in'}]}],'name':'in@AP'}]">in</w><c> </c><w lemma="[{'id':978859,'ls':[{'id':3680,'name':'doctrina','wfs':[{'id':241428122,'morph':{'Casus':'NOMINATIVE','Numerus':'SINGULAR','Pos':'NN'},'name':'doctrina'},{'id':241428113,'morph':{'Pos':'NN'},'name':'doctrina'},{'id':978869,'morph':{'Casus':'ABLATIVE','DeclensionType':'FIRST_DECLENSION','Genus':'FEMININE','Numerus':'SINGULAR','Pos':'NN'},'name':'doctrina'},{'id':978874,'morph':{'Casus':'VOCATIVE','DeclensionType':'FIRST_DECLENSION','Genus':'FEMININE','Numerus':'SINGULAR','Pos':'NN'},'name':'doctrina'},{'id':978873,'morph':{'Casus':'NOMINATIVE','DeclensionType':'FIRST_DECLENSION','Genus':'FEMININE','Numerus':'SINGULAR','Pos':'NN'},'name':'doctrina'}]}],'name':'doctrina@NN'}]">doctrina</w><c> </c><w lemma="[{'id':352906,'ls':[{'id':244512690,'name':'Christus','wfs':[{'id':251222932,'morph':{'Casus':'NOMINATIVE','DeclensionType':'SECOND_DECLENSION','Genus':'MASCULINE','Numerus':'PLURAL','Pos':'NP'},'name':'Christi'},{'id':251222939,'morph':{'Casus':'GENITIVE','DeclensionType':'SECOND_DECLENSION','Genus':'MASCULINE','Numerus':'SINGULAR','Pos':'NP'},'name':'Christi'}]}],'name':'Christus@NP'}]">Christi</w><c>,</c><c> </c><w lemma="[{'id':958093,'ls':[{'id':958094,'name':'deus','wfs':[{'id':958103,'morph':{'Casus':'ACCUSATIVE','DeclensionType':'SECOND_DECLENSION','Genus':'MASCULINE','Numerus':'SINGULAR','Pos':'NN'},'name':'deum'}]}],'name':'deus@NN'}]">Deum</w><c> </c><w lemma="[{'id':206035,'ls':[{'id':6416,'name':'non','wfs':[{'id':241322627,'morph':{'Pos':'ADV'},'name':'non'}]}],'name':'non@ADV'}]">non</w><c> </c><w lemma="[{'id':5618354,'ls':[{'id':4757,'name':'habeo','wfs':[{'id':5618704,'morph':{'ConjugationType':'SECOND_CONJUGATION','Mood':'INDICATIVE','Numerus':'SINGULAR','Person':'PERSON_3','Pos':'V','Tense':'PRESENT','VerbType':'TRANSITIVE','Voice':'ACTIVE'},'name':'habet'}]}],'name':'habeo@V'}]">habet</w><c>:</c><c> </c><w lemma="[{'id':242816363,'ls':[{'id':242816364,'name':'qui','wfs':[{'id':296826592,'morph':{'Casus':'NOMINATIVE','Genus':'MASCULINE','Numerus':'PLURAL','Pos':'PRO','PronounType':'RELATIVE'},'name':'qui'},{'id':244511016,'morph':{'Casus':'NOMINATIVE','Genus':'MASCULINE','Numerus':'SINGULAR','Pos':'PRO','PronounType':'RELATIVE'},'name':'qui'},{'id':382851706,'morph':{'Casus':'NOMINATIVE','Genus':'NEUTER','Numerus':'PLURAL','Pos':'PRO','PronounType':'RELATIVE'},'name':'qui'},{'id':382871756,'morph':{'Casus':'NOMINATIVE','Genus':'FEMININE','Numerus':'PLURAL','Pos':'PRO','PronounType':'RELATIVE'},'name':'qui'},{'id':594773492,'morph':{'Casus':'NOMINATIVE','Genus':'FEMININE','Numerus':'SINGULAR','Pos':'PRO','PronounType':'RELATIVE'},'name':'qui'}]}],'name':'qui@PRO'}]">qui</w><c> </c><w lemma="[{'id':6621230,'ls':[{'id':6979,'name':'permaneo','wfs':[{'id':6621639,'morph':{'ConjugationType':'SECOND_CONJUGATION','Mood':'INDICATIVE','Numerus':'SINGULAR','Person':'PERSON_3','Pos':'V','Tense':'PRESENT','VerbType':'TRANSITIVE','Voice':'ACTIVE'},'name':'permanet'}]}],'name':'permaneo@V'}]">permanet</w><c> </c><w lemma="[{'id':109577,'ls':[{'id':109578,'name':'in','wfs':[{'id':109579,'morph':{'Pos':'AP'},'name':'in'}]}],'name':'in@AP'}]">in</w><c> </c><w lemma="[{'id':978859,'ls':[{'id':3680,'name':'doctrina','wfs':[{'id':241428122,'morph':{'Casus':'NOMINATIVE','Numerus':'SINGULAR','Pos':'NN'},'name':'doctrina'},{'id':241428113,'morph':{'Pos':'NN'},'name':'doctrina'},{'id':978869,'morph':{'Casus':'ABLATIVE','DeclensionType':'FIRST_DECLENSION','Genus':'FEMININE','Numerus':'SINGULAR','Pos':'NN'},'name':'doctrina'},{'id':978874,'morph':{'Casus':'VOCATIVE','DeclensionType':'FIRST_DECLENSION','Genus':'FEMININE','Numerus':'SINGULAR','Pos':'NN'},'name':'doctrina'},{'id':978873,'morph':{'Casus':'NOMINATIVE','DeclensionType':'FIRST_DECLENSION','Genus':'FEMININE','Numerus':'SINGULAR','Pos':'NN'},'name':'doctrina'}]}],'name':'doctrina@NN'}]">doctrina</w><c>,</c><c> </c><w lemma="[{'id':242815996,'ls':[{'id':242815997,'name':'hic','wfs':[{'id':242816011,'morph':{'Casus':'NOMINATIVE','Genus':'MASCULINE','Numerus':'SINGULAR','Pos':'PRO','PronounType':'DEMONSTRATIVE'},'name':'hic'}]}],'name':'hic@PRO'}]">hic</w><c> </c><w lemma="[{'id':109828,'ls':[{'id':109829,'name':'et','wfs':[{'id':109830,'morph':{'Pos':'CON'},'name':'et'}]}],'name':'et@CON'}]">et</w><c> </c><w lemma="[{'id':1228946,'ls':[{'id':6842,'name':'pater','wfs':[{'id':496004439,'morph':{'Casus':'ACCUSATIVE','DeclensionType':'THIRD_DECLENSION','Genus':'MASCULINE','Numerus':'SINGULAR','Pos':'NN'},'name':'patrem'}]}],'name':'pater@NN'}]">Patrem</w><c> </c><w lemma="[{'id':109828,'ls':[{'id':109829,'name':'et','wfs':[{'id':109830,'morph':{'Pos':'CON'},'name':'et'}]}],'name':'et@CON'}]">et</w><c> </c><w lemma="[{'id':1034174,'ls':[{'id':4372,'name':'filius','wfs':[{'id':243347997,'morph':{'Casus':'ACCUSATIVE','DeclensionType':'SECOND_DECLENSION','Genus':'MASCULINE','Numerus':'SINGULAR','Pos':'NN'},'name':'filium'}]}],'name':'filius@NN'}]">Filium</w><c> </c><w lemma="[{'id':5618354,'ls':[{'id':4757,'name':'habeo','wfs':[{'id':5618704,'morph':{'ConjugationType':'SECOND_CONJUGATION','Mood':'INDICATIVE','Numerus':'SINGULAR','Person':'PERSON_3','Pos':'V','Tense':'PRESENT','VerbType':'TRANSITIVE','Voice':'ACTIVE'},'name':'habet'}]}],'name':'habeo@V'}]">habet</w><c>.</c><milestone n="10" unit="verse"></milestone></s><s><w lemma="[{'id':110020,'ls':[{'id':110021,'name':'si','wfs':[{'id':110022,'morph':{'Pos':'CON'},'name':'si'}]}],'name':'si@CON'}]">Si</w><c> </c><w lemma="[{'id':242816600,'ls':[{'id':242816601,'name':'quis','wfs':[{'id':603241,'morph':{'Casus':'NOMINATIVE','Genus':'MASCULINE','Numerus':'SINGULAR','Pos':'PRO','PronounType':'INTERROGATIVE'},'name':'quis'},{'id':244511370,'morph':{'Casus':'NOMINATIVE','Genus':'MASCULINE','Numerus':'SINGULAR','Pos':'PRO','PronounType':'INDEFINITE'},'name':'quis'},{'id':244511361,'morph':{'Casus':'NOMINATIVE','Genus':'FEMININE','Numerus':'SINGULAR','Pos':'PRO','PronounType':'INDEFINITE'},'name':'quis'}]}],'name':'quis@PRO'}]">quis</w><c> </c><w lemma="[{'id':7964639,'ls':[{'id':9166,'name':'venio','wfs':[{'id':7965401,'morph':{'ConjugationType':'FOURTH_CONJUGATION','Mood':'INDICATIVE','Numerus':'SINGULAR','Person':'PERSON_3','Pos':'V','Tense':'PERFECT','VerbType':'INTRANSITIVE','Voice':'ACTIVE'},'name':'venit'},{'id':7965395,'morph':{'ConjugationType':'FOURTH_CONJUGATION','Mood':'INDICATIVE','Numerus':'SINGULAR','Person':'PERSON_3','Pos':'V','Tense':'PRESENT','VerbType':'INTRANSITIVE','Voice':'ACTIVE'},'name':'venit'}]}],'name':'venio@V'}]">venit</w><c> </c><w lemma="[{'id':109453,'ls':[{'id':109454,'name':'ad','wfs':[{'id':109455,'morph':{'Pos':'AP'},'name':'ad'}]}],'name':'ad@AP'}]">ad</w><c> </c><w lemma="[{'id':242816974,'ls':[{'id':242816975,'name':'vos','wfs':[{'id':242816980,'morph':{'Casus':'NOMINATIVE','Numerus':'PLURAL','Pos':'PRO','PronounType':'PERSONAL'},'name':'vos'},{'id':315046,'morph':{'Casus':'ACCUSATIVE','Numerus':'PLURAL','Pos':'PRO','PronounType':'PERSONAL'},'name':'vos'}]}],'name':'vos@PRO'}]">vos</w><c>,</c><c> </c><w lemma="[{'id':109828,'ls':[{'id':109829,'name':'et','wfs':[{'id':109830,'morph':{'Pos':'CON'},'name':'et'}]}],'name':'et@CON'}]">et</w><c> </c><w lemma="[{'id':242815996,'ls':[{'id':242815997,'name':'hic','wfs':[{'id':244509640,'morph':{'Casus':'ACCUSATIVE','Genus':'FEMININE','Numerus':'SINGULAR','Pos':'PRO','PronounType':'DEMONSTRATIVE'},'name':'hanc'}]}],'name':'hic@PRO'}]">hanc</w><c> </c><w lemma="[{'id':978859,'ls':[{'id':3680,'name':'doctrina','wfs':[{'id':978868,'morph':{'Casus':'ACCUSATIVE','DeclensionType':'FIRST_DECLENSION','Genus':'FEMININE','Numerus':'SINGULAR','Pos':'NN'},'name':'doctrinam'}]}],'name':'doctrina@NN'}]">doctrinam</w><c> </c><w lemma="[{'id':206035,'ls':[{'id':6416,'name':'non','wfs':[{'id':241322627,'morph':{'Pos':'ADV'},'name':'non'}]}],'name':'non@ADV'}]">non</w><c> </c><w lemma="[{'id':3522165,'ls':[{'id':3522304,'name':'affero','wfs':[{'id':244513282,'morph':{'Pos':'V'},'name':'affert'},{'id':276253,'morph':{'Mood':'INDICATIVE','Numerus':'SINGULAR','Person':'PERSON_3','Pos':'V','Tense':'PRESENT','VerbType':'VERBA_ANOMALA','Voice':'ACTIVE'},'name':'affert'}]}],'name':'affero@V'}]">affert</w><c>,</c><c> </c><w lemma="[{'id':6326127,'ls':[{'id':6326128,'name':'nolo','wfs':[{'id':244516004,'morph':{'Mood':'IMPERATIVE','Numerus':'PLURAL','Person':'PERSON_2','Pos':'V','Tense':'PRESENT','VerbType':'VERBA_ANOMALA','Voice':'ACTIVE'},'name':'nolite'}]}],'name':'nolo@V'}]">nolite</w><c> </c><w lemma="[{'id':7059544,'ls':[{'id':7759,'name':'recipio','wfs':[{'id':502272617,'morph':{'Casus':'NOMINATIVE','DeclensionType':'SECOND_DECLENSION','Genus':'NEUTER','Mood':'GERUND','Numerus':'SINGULAR','Pos':'V'},'name':'recipere'},{'id':7059753,'morph':{'ConjugationType':'THIRD_CONJUGATION','Mood':'INDICATIVE','Numerus':'SINGULAR','Person':'PERSON_2','Pos':'V','Tense':'FUTURE','VerbType':'TRANSITIVE','Voice':'PASSIVE'},'name':'recipere'},{'id':7059625,'morph':{'ConjugationType':'THIRD_CONJUGATION','Mood':'INFINITIVE','Pos':'V','Tense':'PRESENT','VerbType':'TRANSITIVE','Voice':'ACTIVE'},'name':'recipere'},{'id':7059780,'morph':{'ConjugationType':'THIRD_CONJUGATION','Mood':'IMPERATIVE','Numerus':'SINGULAR','Person':'PERSON_2','Pos':'V','Tense':'PRESENT','VerbType':'TRANSITIVE','Voice':'PASSIVE'},'name':'recipere'}]}],'name':'recipio@V'}]">recipere</w><c> </c><w lemma="[{'id':242816207,'ls':[{'id':242816208,'name':'is','wfs':[{'id':242816231,'morph':{'Casus':'ACCUSATIVE','Genus':'MASCULINE','Numerus':'SINGULAR','Pos':'PRO','PronounType':'PERSONAL'},'name':'eum'}]}],'name':'is@PRO'}]">eum</w><c> </c><w lemma="[{'id':109577,'ls':[{'id':109578,'name':'in','wfs':[{'id':109579,'morph':{'Pos':'AP'},'name':'in'}]}],'name':'in@AP'}]">in</w><c> </c><w lemma="[{'id':980177,'ls':[{'id':3693,'name':'domus','wfs':[{'id':243328050,'morph':{'Casus':'ACCUSATIVE','DeclensionType':'FOURTH_DECLENSION','Genus':'FEMININE','Numerus':'SINGULAR','Pos':'NN'},'name':'domum'}]}],'name':'domus@NN'}]">domum</w><c>,</c><c> </c><w lemma="[{'id':109871,'ls':[{'id':109872,'name':'nec','wfs':[{'id':109873,'morph':{'Pos':'CON'},'name':'nec'}]}],'name':'nec@CON'}]">nec</w><c> </c><w lemma="[{'id':317992,'ls':[{'id':318011,'name':'Avus','wfs':[{'id':318028,'morph':{'Casus':'VOCATIVE','DeclensionType':'SECOND_DECLENSION','Numerus':'SINGULAR','Pos':'NP'},'name':'Ave'}]}],'name':'Avus@NP'},{'id':317951,'ls':[{'id':588502,'name':'Avus','wfs':[{'id':588524,'morph':{'Casus':'VOCATIVE','DeclensionType':'SECOND_DECLENSION','Genus':'MASCULINE','Numerus':'SINGULAR','Pos':'NP'},'name':'Ave'}]}],'name':'Avo@NP'}]">Ave</w><c> </c><w lemma="[{'id':242816207,'ls':[{'id':242816208,'name':'is','wfs':[{'id':297496642,'morph':{'Casus':'NOMINATIVE','Genus':'MASCULINE','Numerus':'PLURAL','Pos':'PRO','PronounType':'PERSONAL'},'name':'ei'},{'id':597770008,'morph':{'Casus':'DATIVE','Genus':'MASCULINE','Numerus':'SINGULAR','Pos':'PRO','PronounType':'DEMONSTRATIVE'},'name':'ei'},{'id':598764850,'morph':{'Casus':'DATIVE','Genus':'FEMININE','Numerus':'SINGULAR','Pos':'PRO','PronounType':'DEMONSTRATIVE'},'name':'ei'},{'id':297496641,'morph':{'Casus':'DATIVE','Genus':'NEUTER','Numerus':'SINGULAR','Pos':'PRO','PronounType':'PERSONAL'},'name':'ei'},{'id':244510100,'morph':{'Casus':'DATIVE','Genus':'MASCULINE','Numerus':'SINGULAR','Pos':'PRO','PronounType':'PERSONAL'},'name':'ei'},{'id':244510076,'morph':{'Casus':'DATIVE','Genus':'FEMININE','Numerus':'SINGULAR','Pos':'PRO','PronounType':'PERSONAL'},'name':'ei'}]}],'name':'is@PRO'}]">ei</w><c> </c><w lemma="[{'id':4961932,'ls':[{'id':244530688,'name':'dico','wfs':[{'id':4962361,'morph':{'ConjugationType':'THIRD_CONJUGATION','Mood':'INDICATIVE','Numerus':'PLURAL','Person':'PERSON_2','Pos':'V','Tense':'FUTURE_PERFECT','VerbType':'TRANSITIVE','Voice':'ACTIVE'},'name':'dixeritis'},{'id':4962352,'morph':{'ConjugationType':'THIRD_CONJUGATION','Mood':'SUBJUNCTIVE','Numerus':'PLURAL','Person':'PERSON_2','Pos':'V','Tense':'PERFECT','VerbType':'TRANSITIVE','Voice':'ACTIVE'},'name':'dixeritis'}]}],'name':'dico@V'}]">dixeritis</w><c>.</c><milestone n="11" unit="verse"></milestone></s><s><w lemma="[{'id':242816363,'ls':[{'id':242816364,'name':'qui','wfs':[{'id':296826592,'morph':{'Casus':'NOMINATIVE','Genus':'MASCULINE','Numerus':'PLURAL','Pos':'PRO','PronounType':'RELATIVE'},'name':'qui'},{'id':244511016,'morph':{'Casus':'NOMINATIVE','Genus':'MASCULINE','Numerus':'SINGULAR','Pos':'PRO','PronounType':'RELATIVE'},'name':'qui'},{'id':382851706,'morph':{'Casus':'NOMINATIVE','Genus':'NEUTER','Numerus':'PLURAL','Pos':'PRO','PronounType':'RELATIVE'},'name':'qui'},{'id':382871756,'morph':{'Casus':'NOMINATIVE','Genus':'FEMININE','Numerus':'PLURAL','Pos':'PRO','PronounType':'RELATIVE'},'name':'qui'},{'id':594773492,'morph':{'Casus':'NOMINATIVE','Genus':'FEMININE','Numerus':'SINGULAR','Pos':'PRO','PronounType':'RELATIVE'},'name':'qui'}]}],'name':'qui@PRO'}]">Qui</w><c> </c><w lemma="[{'id':109821,'ls':[{'id':109822,'name':'enim','wfs':[{'id':109823,'morph':{'Pos':'CON'},'name':'enim'}]}],'name':'enim@CON'}]">enim</w><c> </c><w lemma="[{'id':4961932,'ls':[{'id':244530688,'name':'dico','wfs':[{'id':4962607,'morph':{'ConjugationType':'THIRD_CONJUGATION','Mood':'INDICATIVE','Numerus':'SINGULAR','Person':'PERSON_3','Pos':'V','Tense':'PRESENT','VerbType':'TRANSITIVE','Voice':'ACTIVE'},'name':'dicit'}]}],'name':'dico@V'}]">dicit</w><c> </c><w lemma="[{'id':242816114,'ls':[{'id':242816115,'name':'ille','wfs':[{'id':244509845,'morph':{'Casus':'NOMINATIVE','Genus':'MASCULINE','Numerus':'PLURAL','Pos':'PRO','PronounType':'DEMONSTRATIVE'},'name':'illi'},{'id':244509869,'morph':{'Casus':'DATIVE','Genus':'COMMON','Numerus':'SINGULAR','Pos':'PRO','PronounType':'DEMONSTRATIVE'},'name':'illi'}]}],'name':'ille@PRO'}]">illi</w><c> </c><w lemma="[{'id':317992,'ls':[{'id':318011,'name':'Avus','wfs':[{'id':318028,'morph':{'Casus':'VOCATIVE','DeclensionType':'SECOND_DECLENSION','Numerus':'SINGULAR','Pos':'NP'},'name':'Ave'}]}],'name':'Avus@NP'},{'id':317951,'ls':[{'id':588502,'name':'Avus','wfs':[{'id':588524,'morph':{'Casus':'VOCATIVE','DeclensionType':'SECOND_DECLENSION','Genus':'MASCULINE','Numerus':'SINGULAR','Pos':'NP'},'name':'Ave'}]}],'name':'Avo@NP'}]">Ave</w><c>,</c><c> </c><w lemma="[{'id':4299084,'ls':[{'id':2184,'name':'communico','wfs':[{'id':4299434,'morph':{'ConjugationType':'FIRST_CONJUGATION','Mood':'INDICATIVE','Numerus':'SINGULAR','Person':'PERSON_3','Pos':'V','Tense':'PRESENT','VerbType':'TRANSITIVE','Voice':'ACTIVE'},'name':'communicat'}]}],'name':'communico@V'}]">communicat</w><c> </c><w lemma="[{'id':1215242,'ls':[{'id':6672,'name':'opus','wfs':[{'id':1215246,'morph':{'Casus':'DATIVE','DeclensionType':'THIRD_DECLENSION','Genus':'NEUTER','Numerus':'PLURAL','Pos':'NN'},'name':'operibus'},{'id':1215244,'morph':{'Casus':'ABLATIVE','DeclensionType':'THIRD_DECLENSION','Genus':'NEUTER','Numerus':'PLURAL','Pos':'NN'},'name':'operibus'}]}],'name':'opus@NN'}]">operibus</w><c> </c><w lemma="[{'id':242816207,'ls':[{'id':242816208,'name':'is','wfs':[{'id':244510026,'morph':{'Casus':'GENITIVE','Genus':'NEUTER','Numerus':'SINGULAR','Pos':'PRO','PronounType':'PERSONAL'},'name':'eius'},{'id':297496634,'morph':{'Casus':'GENITIVE','Genus':'MASCULINE','Numerus':'SINGULAR','Pos':'PRO','PronounType':'PERSONAL'},'name':'eius'},{'id':297496633,'morph':{'Casus':'GENITIVE','Genus':'FEMININE','Numerus':'SINGULAR','Pos':'PRO','PronounType':'PERSONAL'},'name':'eius'}]}],'name':'is@PRO'}]">eius</w><c> </c><w lemma="[{'id':2640964,'ls':[{'id':2640965,'name':'malignus','wfs':[{'id':2641000,'morph':{'Casus':'DATIVE','ComparisonDegree':'POSITIVE','DeclensionType':'SECOND_DECLENSION','Genus':'MASCULINE','Numerus':'PLURAL','Pos':'ADJ'},'name':'malignis'},{'id':2640976,'morph':{'Casus':'DATIVE','ComparisonDegree':'POSITIVE','DeclensionType':'FIRST_DECLENSION','Genus':'FEMININE','Numerus':'PLURAL','Pos':'ADJ'},'name':'malignis'},{'id':2641019,'morph':{'Casus':'ABLATIVE','ComparisonDegree':'POSITIVE','DeclensionType':'SECOND_DECLENSION','Genus':'NEUTER','Numerus':'PLURAL','Pos':'ADJ'},'name':'malignis'},{'id':2640972,'morph':{'Casus':'ABLATIVE','ComparisonDegree':'POSITIVE','DeclensionType':'FIRST_DECLENSION','Genus':'FEMININE','Numerus':'PLURAL','Pos':'ADJ'},'name':'malignis'},{'id':2640996,'morph':{'Casus':'ABLATIVE','ComparisonDegree':'POSITIVE','DeclensionType':'SECOND_DECLENSION','Genus':'MASCULINE','Numerus':'PLURAL','Pos':'ADJ'},'name':'malignis'},{'id':2641023,'morph':{'Casus':'DATIVE','ComparisonDegree':'POSITIVE','DeclensionType':'SECOND_DECLENSION','Genus':'NEUTER','Numerus':'PLURAL','Pos':'ADJ'},'name':'malignis'}]}],'name':'malignus@ADJ'}]">malignis</w><c>.</c></s></p><p><s><milestone n="12" unit="verse"></milestone><w lemma="[{'id':1259689,'ls':[{'id':1259706,'name':'plus','wfs':[{'id':1259707,'morph':{'Casus':'ACCUSATIVE','DeclensionType':'THIRD_DECLENSION','Genus':'NEUTER','Numerus':'PLURAL','Pos':'NN'},'name':'plura'},{'id':1259711,'morph':{'Casus':'NOMINATIVE','DeclensionType':'THIRD_DECLENSION','Genus':'NEUTER','Numerus':'PLURAL','Pos':'NN'},'name':'plura'},{'id':1259712,'morph':{'Casus':'VOCATIVE','DeclensionType':'THIRD_DECLENSION','Genus':'NEUTER','Numerus':'PLURAL','Pos':'NN'},'name':'plura'}]}],'name':'plus@NN'}]">Plura</w><c> </c><w lemma="[{'id':5618354,'ls':[{'id':4757,'name':'habeo','wfs':[{'id':5618389,'morph':{'Casus':'ACCUSATIVE','ConjugationType':'SECOND_CONJUGATION','Genus':'NEUTER','Mood':'PARTICIPLE','Numerus':'SINGULAR','Pos':'V','Tense':'PRESENT','VerbType':'TRANSITIVE','Voice':'ACTIVE'},'name':'habens'},{'id':5618388,'morph':{'Casus':'NOMINATIVE','ConjugationType':'SECOND_CONJUGATION','Genus':'MASCULINE','Mood':'PARTICIPLE','Numerus':'SINGULAR','Pos':'V','Tense':'PRESENT','VerbType':'TRANSITIVE','Voice':'ACTIVE'},'name':'habens'},{'id':5618383,'morph':{'Casus':'NOMINATIVE','ConjugationType':'SECOND_CONJUGATION','Genus':'FEMININE','Mood':'PARTICIPLE','Numerus':'SINGULAR','Pos':'V','Tense':'PRESENT','VerbType':'TRANSITIVE','Voice':'ACTIVE'},'name':'habens'},{'id':5618393,'morph':{'Casus':'NOMINATIVE','ConjugationType':'SECOND_CONJUGATION','Genus':'NEUTER','Mood':'PARTICIPLE','Numerus':'SINGULAR','Pos':'V','Tense':'PRESENT','VerbType':'TRANSITIVE','Voice':'ACTIVE'},'name':'habens'}]}],'name':'habeo@V'}]">habens</w><c> </c><w lemma="[{'id':242816974,'ls':[{'id':242816975,'name':'vos','wfs':[{'id':242816977,'morph':{'Casus':'DATIVE','Numerus':'PLURAL','Pos':'PRO','PronounType':'PERSONAL'},'name':'vobis'},{'id':315043,'morph':{'Casus':'ABLATIVE','Numerus':'PLURAL','Pos':'PRO','PronounType':'PERSONAL'},'name':'vobis'}]}],'name':'vos@PRO'}]">vobis</w><c> </c><w lemma="[{'id':7323474,'ls':[{'id':8180,'name':'scribo','wfs':[{'id':498702490,'morph':{'Casus':'NOMINATIVE','DeclensionType':'SECOND_DECLENSION','Genus':'NEUTER','Mood':'GERUND','Numerus':'SINGULAR','Pos':'V'},'name':'scribere'},{'id':7323708,'morph':{'ConjugationType':'THIRD_CONJUGATION','Mood':'IMPERATIVE','Numerus':'SINGULAR','Person':'PERSON_2','Pos':'V','Tense':'PRESENT','VerbType':'TRANSITIVE','Voice':'PASSIVE'},'name':'scribere'},{'id':7323555,'morph':{'ConjugationType':'THIRD_CONJUGATION','Mood':'INFINITIVE','Pos':'V','Tense':'PRESENT','VerbType':'TRANSITIVE','Voice':'ACTIVE'},'name':'scribere'},{'id':7323683,'morph':{'ConjugationType':'THIRD_CONJUGATION','Mood':'INDICATIVE','Numerus':'SINGULAR','Person':'PERSON_2','Pos':'V','Tense':'FUTURE','VerbType':'TRANSITIVE','Voice':'PASSIVE'},'name':'scribere'}]}],'name':'scribo@V'}]">scribere</w><c>,</c><c> </c><w lemma="[{'id':6326127,'ls':[{'id':6326128,'name':'nolo','wfs':[{'id':6326131,'morph':{'Mood':'INDICATIVE','Numerus':'SINGULAR','Person':'PERSON_1','Pos':'V','Tense':'PERFECT','VerbType':'VERBA_ANOMALA','Voice':'ACTIVE'},'name':'nolui'}]}],'name':'nolo@V'}]">nolui</w><c> </c><w lemma="[{'id':109610,'ls':[{'id':109611,'name':'per','wfs':[{'id':109612,'morph':{'Pos':'AP'},'name':'per'}]}],'name':'per@AP'}]">per</w><c> </c><w lemma="[{'id':849184,'ls':[{'id':835608,'name':'carta','wfs':[{'id':835616,'morph':{'Casus':'ACCUSATIVE','DeclensionType':'FIRST_DECLENSION','Genus':'FEMININE','Numerus':'SINGULAR','Pos':'NN'},'name':'cartam'}]}],'name':'charta@NN'}]">cartam</w><c> </c><w lemma="[{'id':109828,'ls':[{'id':109829,'name':'et','wfs':[{'id':109830,'morph':{'Pos':'CON'},'name':'et'}]}],'name':'et@CON'}]">et</w><c> </c><w lemma="[{'id':794182,'ls':[{'id':794183,'name':'atramentum','wfs':[{'id':794196,'morph':{'Casus':'NOMINATIVE','DeclensionType':'SECOND_DECLENSION','Genus':'NEUTER','Numerus':'SINGULAR','Pos':'NN'},'name':'atramentum'},{'id':794191,'morph':{'Casus':'ACCUSATIVE','DeclensionType':'SECOND_DECLENSION','Genus':'NEUTER','Numerus':'SINGULAR','Pos':'NN'},'name':'atramentum'}]}],'name':'atramentum@NN'}]">atramentum</w><c>:</c><c> </c><w lemma="[{'id':7403749,'ls':[{'id':7403750,'name':'spero','wfs':[{'id':7403912,'morph':{'ConjugationType':'FIRST_CONJUGATION','Mood':'INDICATIVE','Numerus':'SINGULAR','Person':'PERSON_1','Pos':'V','Tense':'PRESENT','VerbType':'TRANSITIVE','Voice':'ACTIVE'},'name':'spero'}]}],'name':'spero@V'}]">spero</w><c> </c><w lemma="[{'id':109821,'ls':[{'id':109822,'name':'enim','wfs':[{'id':109823,'morph':{'Pos':'CON'},'name':'enim'}]}],'name':'enim@CON'}]">enim</w><c> </c><w lemma="[{'id':6226427,'ls':[{'id':6044,'name':'meio','wfs':[{'id':6226799,'morph':{'ConjugationType':'THIRD_CONJUGATION','Mood':'IMPERATIVE','Numerus':'SINGULAR','Person':'PERSON_2','Pos':'V','Tense':'PRESENT','VerbType':'TRANSITIVE','Voice':'ACTIVE'},'name':'me'}]}],'name':'meio@V'}]">me</w><c> </c><w lemma="[{'id':7617143,'ls':[{'id':7617144,'name':'sum','wfs':[{'id':542354,'morph':{'Casus':'NOMINATIVE','DeclensionType':'SECOND_DECLENSION','Genus':'NEUTER','Mood':'PARTICIPLE','Numerus':'SINGULAR','Pos':'V','Tense':'FUTURE','VerbType':'VERBA_ANOMALA','Voice':'ACTIVE'},'name':'futurum'},{'id':498533032,'morph':{'Mood':'INFINITIVE','Pos':'V','Tense':'FUTURE','Voice':'ACTIVE'},'name':'futurum'}]}],'name':'sum@V'}]">futurum</w><c> </c><w lemma="[{'id':109487,'ls':[{'id':109488,'name':'apud','wfs':[{'id':109489,'morph':{'Pos':'AP'},'name':'apud'}]}],'name':'apud@AP'}]">apud</w><c> </c><w lemma="[{'id':242816974,'ls':[{'id':242816975,'name':'vos','wfs':[{'id':242816980,'morph':{'Casus':'NOMINATIVE','Numerus':'PLURAL','Pos':'PRO','PronounType':'PERSONAL'},'name':'vos'},{'id':315046,'morph':{'Casus':'ACCUSATIVE','Numerus':'PLURAL','Pos':'PRO','PronounType':'PERSONAL'},'name':'vos'}]}],'name':'vos@PRO'}]">vos</w><c>,</c><c> </c><w lemma="[{'id':109828,'ls':[{'id':109829,'name':'et','wfs':[{'id':109830,'morph':{'Pos':'CON'},'name':'et'}]}],'name':'et@CON'}]">et</w><c> </c><w lemma="[{'id':5787029,'ls':[{'id':5787030,'name':'os','wfs':[{'id':5787012,'morph':{'Casus':'VOCATIVE','DeclensionType':'THIRD_DECLENSION','Genus':'NEUTER','Numerus':'SINGULAR','Pos':'NN'},'name':'os'},{'id':5787013,'morph':{'Casus':'NOMINATIVE','DeclensionType':'THIRD_DECLENSION','Genus':'NEUTER','Numerus':'SINGULAR','Pos':'NN'},'name':'os'},{'id':5787015,'morph':{'Casus':'ACCUSATIVE','DeclensionType':'THIRD_DECLENSION','Genus':'NEUTER','Numerus':'SINGULAR','Pos':'NN'},'name':'os'}]}],'name':'os@NN'},{'id':1217660,'ls':[{'id':484463019,'name':'os','wfs':[{'id':484463020,'morph':{'Casus':'NOMINATIVE','DeclensionType':'THIRD_DECLENSION','Genus':'NEUTER','Numerus':'SINGULAR','Pos':'NN'},'name':'os'},{'id':5787025,'morph':{'Casus':'ACCUSATIVE','DeclensionType':'THIRD_DECLENSION','Genus':'NEUTER','Numerus':'SINGULAR','Pos':'NN'},'name':'os'}]}],'name':'os@NN'}]">os</w><c> </c><w lemma="[{'id':109453,'ls':[{'id':109454,'name':'ad','wfs':[{'id':109455,'morph':{'Pos':'AP'},'name':'ad'}]}],'name':'ad@AP'}]">ad</w><c> </c><w lemma="[{'id':5787029,'ls':[{'id':5787030,'name':'os','wfs':[{'id':5787012,'morph':{'Casus':'VOCATIVE','DeclensionType':'THIRD_DECLENSION','Genus':'NEUTER','Numerus':'SINGULAR','Pos':'NN'},'name':'os'},{'id':5787013,'morph':{'Casus':'NOMINATIVE','DeclensionType':'THIRD_DECLENSION','Genus':'NEUTER','Numerus':'SINGULAR','Pos':'NN'},'name':'os'},{'id':5787015,'morph':{'Casus':'ACCUSATIVE','DeclensionType':'THIRD_DECLENSION','Genus':'NEUTER','Numerus':'SINGULAR','Pos':'NN'},'name':'os'}]}],'name':'os@NN'},{'id':1217660,'ls':[{'id':484463019,'name':'os','wfs':[{'id':484463020,'morph':{'Casus':'NOMINATIVE','DeclensionType':'THIRD_DECLENSION','Genus':'NEUTER','Numerus':'SINGULAR','Pos':'NN'},'name':'os'},{'id':5787025,'morph':{'Casus':'ACCUSATIVE','DeclensionType':'THIRD_DECLENSION','Genus':'NEUTER','Numerus':'SINGULAR','Pos':'NN'},'name':'os'}]}],'name':'os@NN'}]">os</w><c> </c><w lemma="[{'id':6165520,'ls':[{'id':5815,'name':'loquor','wfs':[{'id':6165560,'morph':{'ConjugationType':'THIRD_CONJUGATION','Mood':'INFINITIVE','Pos':'V','Tense':'PRESENT','VerbType':'DEPONENT','Voice':'PASSIVE'},'name':'loqui'}]}],'name':'loquor@V'}]">loqui</w><c>:</c><c> </c><w lemma="[{'id':110061,'ls':[{'id':110062,'name':'ut','wfs':[{'id':110063,'morph':{'Pos':'CON'},'name':'ut'}]}],'name':'ut@CON'}]">ut</w><c> </c><w lemma="[{'id':1050204,'ls':[{'id':4607,'name':'gaudium','wfs':[{'id':243353064,'morph':{'Casus':'ACCUSATIVE','DeclensionType':'SECOND_DECLENSION','Genus':'NEUTER','Numerus':'SINGULAR','Pos':'NN'},'name':'gaudium'},{'id':1050207,'morph':{'Casus':'NOMINATIVE','DeclensionType':'SECOND_DECLENSION','Genus':'NEUTER','Numerus':'SINGULAR','Pos':'NN'},'name':'gaudium'}]}],'name':'gaudium@NN'}]">gaudium</w><c> </c><w lemma="[{'id':244512458,'ls':[{'id':244512459,'name':'vester','wfs':[{'id':481107033,'morph':{'Casus':'ACCUSATIVE','DeclensionType':'SECOND_DECLENSION','Genus':'NEUTER','Numerus':'SINGULAR','Pos':'PRO','PronounType':'POSSESSIVE'},'name':'vestrum'},{'id':481107035,'morph':{'Casus':'ACCUSATIVE','DeclensionType':'SECOND_DECLENSION','Genus':'MASCULINE','Numerus':'SINGULAR','Pos':'PRO','PronounType':'POSSESSIVE'},'name':'vestrum'},{'id':244512557,'morph':{'Casus':'NOMINATIVE','DeclensionType':'SECOND_DECLENSION','Genus':'NEUTER','Numerus':'SINGULAR','Pos':'PRO','PronounType':'POSSESSIVE'},'name':'vestrum'}]}],'name':'vester@PRO'}]">vestrum</w><c> </c><w lemma="[{'id':1258434,'ls':[{'id':1258435,'name':'plenus','wfs':[{'id':1258444,'morph':{'Casus':'ACCUSATIVE','DeclensionType':'SECOND_DECLENSION','Genus':'MASCULINE','Numerus':'SINGULAR','Pos':'NN'},'name':'plenum'}]}],'name':'plenus@NN'}]">plenum</w><c> </c><w lemma="[{'id':7617143,'ls':[{'id':7617144,'name':'sum','wfs':[{'id':244519866,'morph':{'Mood':'SUBJUNCTIVE','Numerus':'SINGULAR','Person':'PERSON_3','Pos':'V','Tense':'PRESENT','VerbType':'VERBA_ANOMALA','Voice':'ACTIVE'},'name':'sit'}]}],'name':'sum@V'}]">sit</w><c>.</c><milestone n="13" unit="verse"></milestone></s><s><w lemma="[{'id':7296099,'ls':[{'id':8077,'name':'saluto','wfs':[{'id':7296399,'morph':{'ConjugationType':'FIRST_CONJUGATION','Mood':'INDICATIVE','Numerus':'PLURAL','Person':'PERSON_3','Pos':'V','Tense':'PRESENT','VerbType':'TRANSITIVE','Voice':'ACTIVE'},'name':'salutant'}]}],'name':'saluto@V'}]">Salutant</w><c> </c><w lemma="[{'id':242816823,'ls':[{'id':242816824,'name':'tu','wfs':[{'id':242816825,'morph':{'Casus':'ACCUSATIVE','Genus':'FEMININE','Numerus':'SINGULAR','Pos':'PRO','PronounType':'PERSONAL'},'name':'te'},{'id':244512059,'morph':{'Casus':'ACCUSATIVE','Genus':'MASCULINE','Numerus':'SINGULAR','Pos':'PRO','PronounType':'PERSONAL'},'name':'te'}]}],'name':'tu@PRO'}]">te</w><c> </c><w lemma="[{'id':1034174,'ls':[{'id':4372,'name':'filius','wfs':[{'id':1034175,'morph':{'Casus':'GENITIVE','DeclensionType':'SECOND_DECLENSION','Genus':'MASCULINE','Numerus':'SINGULAR','Pos':'NN'},'name':'filii'},{'id':252932508,'morph':{'Casus':'NOMINATIVE','DeclensionType':'SECOND_DECLENSION','Genus':'MASCULINE','Numerus':'PLURAL','Pos':'NN'},'name':'filii'}]}],'name':'filius@NN'}]">filii</w><c> </c><w lemma="[{'id':1367432,'ls':[{'id':8404,'name':'soror','wfs':[{'id':1367444,'morph':{'Casus':'GENITIVE','DeclensionType':'THIRD_DECLENSION','Genus':'FEMININE','Numerus':'SINGULAR','Pos':'NN'},'name':'sororis'},{'id':243463624,'morph':{'Casus':'NOMINATIVE','DeclensionType':'THIRD_DECLENSION','Genus':'FEMININE','Numerus':'PLURAL','Pos':'NN'},'name':'sororis'},{'id':243463621,'morph':{'Casus':'ACCUSATIVE','DeclensionType':'THIRD_DECLENSION','Genus':'FEMININE','Numerus':'PLURAL','Pos':'NN'},'name':'sororis'}]}],'name':'soror@NN'}]">sororis</w><c> </c><w lemma="[{'id':244512131,'ls':[{'id':244512132,'name':'tuus','wfs':[{'id':244512187,'morph':{'Casus':'GENITIVE','DeclensionType':'FIRST_DECLENSION','Genus':'FEMININE','Numerus':'SINGULAR','Pos':'PRO','PronounType':'POSSESSIVE'},'name':'tuae'},{'id':244512168,'morph':{'Casus':'NOMINATIVE','DeclensionType':'FIRST_DECLENSION','Genus':'FEMININE','Numerus':'PLURAL','Pos':'PRO','PronounType':'POSSESSIVE'},'name':'tuae'},{'id':243191877,'morph':{'Casus':'DATIVE','DeclensionType':'FIRST_DECLENSION','Genus':'FEMININE','Numerus':'SINGULAR','Pos':'PRO','PronounType':'POSSESSIVE'},'name':'tuae'}]}],'name':'tuus@PRO'}]">tuae</w><c> </c><w lemma="[{'id':383382,'ls':[{'id':383383,'name':'Electa','wfs':[{'id':488420900,'morph':{'Casus':'DATIVE','DeclensionType':'FIRST_DECLENSION','Genus':'FEMININE','Numerus':'SINGULAR','Pos':'NP'},'name':'Electae'},{'id':383396,'morph':{'Casus':'GENITIVE','DeclensionType':'FIRST_DECLENSION','Numerus':'SINGULAR','Pos':'NP'},'name':'Electae'},{'id':488420901,'morph':{'Casus':'GENITIVE','DeclensionType':'FIRST_DECLENSION','Genus':'FEMININE','Numerus':'SINGULAR','Pos':'NP'},'name':'Electae'},{'id':383391,'morph':{'Casus':'NOMINATIVE','DeclensionType':'FIRST_DECLENSION','Numerus':'PLURAL','Pos':'NP'},'name':'Electae'},{'id':383392,'morph':{'Casus':'VOCATIVE','DeclensionType':'FIRST_DECLENSION','Numerus':'PLURAL','Pos':'NP'},'name':'Electae'},{'id':383395,'morph':{'Casus':'DATIVE','DeclensionType':'FIRST_DECLENSION','Numerus':'SINGULAR','Pos':'NP'},'name':'Electae'}]}],'name':'Electa@NP'}]">Electae</w><c>.</c></s></p></div2></div1></body></text></TEI>