<?xml version="1.0" ?><TEI xmlns="http://www.tei-c.org/ns/1.0"><teiHeader><fileDesc><titleStmt><title>Vulgata Clementina</title></titleStmt><publicationStmt><idno><idno type="Annotation_last_changed_by">sysop</idno><idno type="Annotation_last_changed_on">Tue Feb 18 20:49:32 CET 2020</idno><idno type="Author_(German)">Iohannes</idno><idno type="Author_(Latin)">Iohannes</idno><idno type="C_Stat">16</idno><idno type="C1">16</idno><idno type="C2">16</idno><idno type="Concordance_View">true</idno><idno type="Edition">Tweedale (2006)</idno><idno type="LTA_Export">false</idno><idno type="Licence_Info">to be defined</idno><idno type="Provided_by">Corpus Corporum</idno><idno type="Status">a</idno><idno type="Text_Type">Gerneral Epistles: Epistle of John III</idno><idno type="Text_Type_Class">Biblical</idno><idno type="Time">1592</idno><idno type="Title">Epistola Joannis III</idno> Vulgata</idno></publicationStmt><seriesStmt><title></title></seriesStmt><notesStmt><note></note></notesStmt><sourceDesc><biblStruct><monogr><author>Biblia<date></date></author><title>Biblia Sacra iuxta Vulgatam Clementinam</title><editor>plurimis consultis editionibus diligenter praeparata a Michaele Tvveedale</editor><imprint><pubPlace>Londoni</pubPlace><publisher>http://vulsearch.sourceforge.net/</publisher><date>2006</date></imprint></monogr></biblStruct></sourceDesc></fileDesc><encodingDesc><projectDesc><p>
                this file was encoded in TEI xml for the University of Zurich's Corpus Corporum project (www.mlat.uzh.ch) by Ph. Roelli in 2013
            </p></projectDesc><editorialDecl><normalization><p>Classical Latin orthography</p></normalization></editorialDecl></encodingDesc><profileDesc><creation><date></date></creation><langUsage><language ident="LA">latin</language></langUsage></profileDesc></teiHeader><text><body><div1 n="25" xml:id="_3_Ioh"><head><s><w lemma="[{'id':998186,'ls':[{'id':998187,'name':'epistola','wfs':[{'id':998201,'morph':{'Casus':'NOMINATIVE','DeclensionType':'FIRST_DECLENSION','Genus':'FEMININE','Numerus':'SINGULAR','Pos':'NN'},'name':'epistola'},{'id':998197,'morph':{'Casus':'ABLATIVE','DeclensionType':'FIRST_DECLENSION','Genus':'FEMININE','Numerus':'SINGULAR','Pos':'NN'},'name':'epistola'}]}],'name':'epistula@NN'}]">Epistola</w><c> </c><w lemma="[{'id':243116350,'ls':[{'id':243116351,'name':'NON_WORD','wfs':[{'id':244750262,'morph':{'Pos':'XY'},'name':'B'}]}],'name':'NON_WORD@XY'}]">B</w><c>.</c><c> </c><w lemma="[{'id':482230,'ls':[{'id':482231,'name':'Ioannes','wfs':[{'id':482239,'morph':{'Casus':'GENITIVE','DeclensionType':'THIRD_DECLENSION','Genus':'MASCULINE','Numerus':'SINGULAR','Pos':'NP'},'name':'Ioannis'}]}],'name':'Ioannes@NP'}]">Ioannis</w><c> </c><w lemma="[{'id':767705,'ls':[{'id':244741368,'name':'apostolus','wfs':[{'id':767711,'morph':{'Casus':'NOMINATIVE','DeclensionType':'SECOND_DECLENSION','Genus':'MASCULINE','Numerus':'PLURAL','Pos':'NN'},'name':'apostoli'},{'id':767718,'morph':{'Casus':'GENITIVE','DeclensionType':'SECOND_DECLENSION','Genus':'MASCULINE','Numerus':'SINGULAR','Pos':'NN'},'name':'apostoli'}]}],'name':'apostolus@NN'}]">Apostoli</w><c> </c><w lemma="[{'id':619022,'ls':[{'id':619023,'name':'Tertia','wfs':[{'id':619040,'morph':{'Casus':'VOCATIVE','DeclensionType':'FIRST_DECLENSION','Genus':'FEMININE','Numerus':'SINGULAR','Pos':'NP'},'name':'Tertia'},{'id':241390682,'morph':{'Casus':'NOMINATIVE','Numerus':'SINGULAR','Pos':'NP'},'name':'Tertia'},{'id':619034,'morph':{'Casus':'ABLATIVE','DeclensionType':'FIRST_DECLENSION','Genus':'FEMININE','Numerus':'SINGULAR','Pos':'NP'},'name':'Tertia'},{'id':241390680,'morph':{'Pos':'NP'},'name':'Tertia'},{'id':619039,'morph':{'Casus':'NOMINATIVE','DeclensionType':'FIRST_DECLENSION','Genus':'FEMININE','Numerus':'SINGULAR','Pos':'NP'},'name':'Tertia'}]}],'name':'Tertia@NP'}]">Tertia</w></s></head><div2 n="1"><head><s><w lemma="[{'id':833249,'ls':[{'id':1604,'name':'caput','wfs':[{'id':241411383,'morph':{'Casus':'ACCUSATIVE','DeclensionType':'THIRD_DECLENSION','Genus':'NEUTER','Numerus':'SINGULAR','Pos':'NN'},'name':'caput'},{'id':833263,'morph':{'Casus':'NOMINATIVE','DeclensionType':'THIRD_DECLENSION','Genus':'NEUTER','Numerus':'SINGULAR','Pos':'NN'},'name':'caput'}]}],'name':'caput@NN'}]">Caput</w><c> </c><w lemma="[{'id':241346594,'ls':[{'id':241346595,'name':'NUMERAL','wfs':[{'id':241346596,'morph':{'Pos':'NUM'},'name':'NUMERAL'}]}],'name':'NUMERAL@NUM'}]">1</w></s></head><p><s><milestone n="1" unit="verse"></milestone><w lemma="[{'id':1354946,'ls':[{'id':1354963,'name':'senior','wfs':[{'id':1354976,'morph':{'Casus':'NOMINATIVE','DeclensionType':'THIRD_DECLENSION','Genus':'MASCULINE','Numerus':'SINGULAR','Pos':'NN'},'name':'senior'},{'id':243459337,'morph':{'Casus':'VOCATIVE','DeclensionType':'THIRD_DECLENSION','Genus':'MASCULINE','Numerus':'SINGULAR','Pos':'NN'},'name':'senior'}]}],'name':'senex@NN'},{'id':496028267,'ls':[{'id':496028268,'name':'senior','wfs':[{'id':496028281,'morph':{'Casus':'NOMINATIVE','DeclensionType':'THIRD_DECLENSION','Genus':'MASCULINE','Numerus':'SINGULAR','Pos':'NN'},'name':'senior'}]}],'name':'senior@NN'}]">Senior</w><c> </c><w lemma="[{'id':417621,'ls':[{'id':417639,'name':'Gaius','wfs':[{'id':243199895,'morph':{'Casus':'ABLATIVE','DeclensionType':'SECOND_DECLENSION','Genus':'MASCULINE','Numerus':'SINGULAR','Pos':'NE'},'name':'Gaio'},{'id':243199896,'morph':{'Casus':'DATIVE','DeclensionType':'SECOND_DECLENSION','Genus':'MASCULINE','Numerus':'SINGULAR','Pos':'NE'},'name':'Gaio'}]}],'name':'Gaius@NE'}]">Gaio</w><c> </c><w lemma="[{'id':1813598,'ls':[{'id':1605,'name':'carus','wfs':[{'id':1813698,'morph':{'Casus':'ABLATIVE','ComparisonDegree':'SUPERLATIVE','DeclensionType':'SECOND_DECLENSION','Genus':'MASCULINE','Numerus':'SINGULAR','Pos':'ADJ'},'name':'carissimo'},{'id':243767939,'morph':{'Casus':'DATIVE','ComparisonDegree':'SUPERLATIVE','DeclensionType':'SECOND_DECLENSION','Genus':'NEUTER','Numerus':'SINGULAR','Pos':'ADJ'},'name':'carissimo'},{'id':243767938,'morph':{'Casus':'ABLATIVE','ComparisonDegree':'SUPERLATIVE','DeclensionType':'SECOND_DECLENSION','Genus':'NEUTER','Numerus':'SINGULAR','Pos':'ADJ'},'name':'carissimo'},{'id':1813701,'morph':{'Casus':'DATIVE','ComparisonDegree':'SUPERLATIVE','DeclensionType':'SECOND_DECLENSION','Genus':'MASCULINE','Numerus':'SINGULAR','Pos':'ADJ'},'name':'carissimo'}]}],'name':'carus@ADJ'}]">carissimo</w><c>,</c><c> </c><w lemma="[{'id':242816363,'ls':[{'id':242816364,'name':'qui','wfs':[{'id':539256813,'morph':{'Casus':'ACCUSATIVE','Genus':'MASCULINE','Numerus':'SINGULAR','Pos':'PRO','PronounType':'RELATIVE'},'name':'quem'}]}],'name':'qui@PRO'}]">quem</w><c> </c><w lemma="[{'id':242815965,'ls':[{'id':242815966,'name':'ego','wfs':[{'id':244509626,'morph':{'Casus':'NOMINATIVE','Genus':'FEMININE','Numerus':'SINGULAR','Pos':'PRO','PronounType':'PERSONAL'},'name':'ego'},{'id':244509632,'morph':{'Casus':'NOMINATIVE','Genus':'NEUTER','Numerus':'SINGULAR','Pos':'PRO','PronounType':'PERSONAL'},'name':'ego'},{'id':244509629,'morph':{'Casus':'NOMINATIVE','Genus':'MASCULINE','Numerus':'SINGULAR','Pos':'PRO','PronounType':'PERSONAL'},'name':'ego'}]}],'name':'ego@PRO'}]">ego</w><c> </c><w lemma="[{'id':4995044,'ls':[{'id':244530690,'name':'diligo','wfs':[{'id':4995363,'morph':{'ConjugationType':'THIRD_CONJUGATION','Mood':'INDICATIVE','Numerus':'SINGULAR','Person':'PERSON_1','Pos':'V','Tense':'PRESENT','VerbType':'TRANSITIVE','Voice':'ACTIVE'},'name':'diligo'}]}],'name':'diligo@V'}]">diligo</w><c> </c><w lemma="[{'id':109577,'ls':[{'id':109578,'name':'in','wfs':[{'id':109579,'morph':{'Pos':'AP'},'name':'in'}]}],'name':'in@AP'}]">in</w><c> </c><w lemma="[{'id':1455678,'ls':[{'id':9192,'name':'veritas','wfs':[{'id':243495932,'morph':{'Casus':'ABLATIVE','DeclensionType':'THIRD_DECLENSION','Genus':'FEMININE','Numerus':'SINGULAR','Pos':'NN'},'name':'veritate'}]}],'name':'veritas@NN'}]">veritate</w><c>.</c><milestone n="2" unit="verse"></milestone></s><s><w lemma="[{'id':135628,'ls':[{'id':135629,'name':'caro','wfs':[{'id':135633,'morph':{'ComparisonDegree':'SUPERLATIVE','Pos':'ADV'},'name':'carissime'}]}],'name':'caro@ADV'}]">Carissime</w><c>,</c><c> </c><w lemma="[{'id':109545,'ls':[{'id':109546,'name':'de','wfs':[{'id':109547,'morph':{'Pos':'AP'},'name':'de'}]}],'name':'de@AP'}]">de</w><c> </c><w lemma="[{'id':2744416,'ls':[{'id':6625,'name':'omnis','wfs':[{'id':2744427,'morph':{'Casus':'ABLATIVE','ComparisonDegree':'POSITIVE','DeclensionType':'THIRD_DECLENSION','Genus':'MASCULINE','Numerus':'PLURAL','Pos':'ADJ'},'name':'omnibus'},{'id':2744419,'morph':{'Casus':'ABLATIVE','ComparisonDegree':'POSITIVE','DeclensionType':'THIRD_DECLENSION','Genus':'FEMININE','Numerus':'PLURAL','Pos':'ADJ'},'name':'omnibus'},{'id':2744435,'morph':{'Casus':'DATIVE','ComparisonDegree':'POSITIVE','DeclensionType':'THIRD_DECLENSION','Genus':'NEUTER','Numerus':'PLURAL','Pos':'ADJ'},'name':'omnibus'},{'id':2744434,'morph':{'Casus':'ABLATIVE','ComparisonDegree':'POSITIVE','DeclensionType':'THIRD_DECLENSION','Genus':'NEUTER','Numerus':'PLURAL','Pos':'ADJ'},'name':'omnibus'},{'id':2744428,'morph':{'Casus':'DATIVE','ComparisonDegree':'POSITIVE','DeclensionType':'THIRD_DECLENSION','Genus':'MASCULINE','Numerus':'PLURAL','Pos':'ADJ'},'name':'omnibus'},{'id':2744420,'morph':{'Casus':'DATIVE','ComparisonDegree':'POSITIVE','DeclensionType':'THIRD_DECLENSION','Genus':'FEMININE','Numerus':'PLURAL','Pos':'ADJ'},'name':'omnibus'}]}],'name':'omnis@ADJ'}]">omnibus</w><c> </c><w lemma="[{'id':1215433,'ls':[{'id':6677,'name':'oratio','wfs':[{'id':243411115,'morph':{'Casus':'ACCUSATIVE','DeclensionType':'THIRD_DECLENSION','Genus':'FEMININE','Numerus':'SINGULAR','Pos':'NN'},'name':'orationem'}]}],'name':'oratio@NN'}]">orationem</w><c> </c><w lemma="[{'id':5475468,'ls':[{'id':4230,'name':'facio','wfs':[{'id':5475624,'morph':{'ConjugationType':'THIRD_CONJUGATION','Mood':'INDICATIVE','Numerus':'SINGULAR','Person':'PERSON_1','Pos':'V','Tense':'PRESENT','VerbType':'TRANSITIVE','Voice':'ACTIVE'},'name':'facio'}]}],'name':'facio@V'}]">facio</w><c> </c><w lemma="[{'id':223421,'ls':[{'id':223422,'name':'prospere','wfs':[{'id':223425,'morph':{'ComparisonDegree':'POSITIVE','Pos':'ADV'},'name':'prospere'}]}],'name':'prospere@ADV'}]">prospere</w><c> </c><w lemma="[{'id':242816823,'ls':[{'id':242816824,'name':'tu','wfs':[{'id':242816825,'morph':{'Casus':'ACCUSATIVE','Genus':'FEMININE','Numerus':'SINGULAR','Pos':'PRO','PronounType':'PERSONAL'},'name':'te'},{'id':244512059,'morph':{'Casus':'ACCUSATIVE','Genus':'MASCULINE','Numerus':'SINGULAR','Pos':'PRO','PronounType':'PERSONAL'},'name':'te'}]}],'name':'tu@PRO'}]">te</w><c> </c><w lemma="[{'id':1097277,'ls':[{'id':243369336,'name':'ingredi','wfs':[{'id':243369337,'morph':{'Casus':'NOMINATIVE','DeclensionType':'SECOND_DECLENSION','Numerus':'SINGULAR','Pos':'NN'},'name':'ingredi'}]}],'name':'ingredi@NN'}]">ingredi</w><c>,</c><c> </c><w lemma="[{'id':109828,'ls':[{'id':109829,'name':'et','wfs':[{'id':109830,'morph':{'Pos':'CON'},'name':'et'}]}],'name':'et@CON'}]">et</w><c> </c><w lemma="[{'id':7939766,'ls':[{'id':9100,'name':'valeo','wfs':[{'id':7940200,'morph':{'ConjugationType':'SECOND_CONJUGATION','Mood':'INFINITIVE','Pos':'V','Tense':'PRESENT','VerbType':'TRANSITIVE','Voice':'ACTIVE'},'name':'valere'},{'id':7940372,'morph':{'ConjugationType':'SECOND_CONJUGATION','Mood':'IMPERATIVE','Numerus':'SINGULAR','Person':'PERSON_2','Pos':'V','Tense':'PRESENT','VerbType':'TRANSITIVE','Voice':'PASSIVE'},'name':'valere'},{'id':498784104,'morph':{'Casus':'NOMINATIVE','DeclensionType':'SECOND_DECLENSION','Genus':'NEUTER','Mood':'GERUND','Numerus':'SINGULAR','Pos':'V'},'name':'valere'}]}],'name':'valeo@V'}]">valere</w><c> </c><w lemma="[{'id':110027,'ls':[{'id':110028,'name':'sicut','wfs':[{'id':110029,'morph':{'Pos':'CON'},'name':'sicut'}]}],'name':'sicut@CON'}]">sicut</w><c> </c><w lemma="[{'id':223421,'ls':[{'id':223422,'name':'prospere','wfs':[{'id':223425,'morph':{'ComparisonDegree':'POSITIVE','Pos':'ADV'},'name':'prospere'}]}],'name':'prospere@ADV'}]">prospere</w><c> </c><w lemma="[{'id':3560733,'ls':[{'id':556,'name':'ago','wfs':[{'id':3561054,'morph':{'ConjugationType':'THIRD_CONJUGATION','Mood':'INDICATIVE','Numerus':'SINGULAR','Person':'PERSON_3','Pos':'V','Tense':'PRESENT','VerbType':'TRANSITIVE','Voice':'ACTIVE'},'name':'agit'}]}],'name':'ago@V'}]">agit</w><c> </c><w lemma="[{'id':757606,'ls':[{'id':791,'name':'anima','wfs':[{'id':757623,'morph':{'Casus':'VOCATIVE','DeclensionType':'FIRST_DECLENSION','Genus':'FEMININE','Numerus':'SINGULAR','Pos':'NN'},'name':'anima'},{'id':757622,'morph':{'Casus':'NOMINATIVE','DeclensionType':'FIRST_DECLENSION','Genus':'FEMININE','Numerus':'SINGULAR','Pos':'NN'},'name':'anima'},{'id':757617,'morph':{'Casus':'ABLATIVE','DeclensionType':'FIRST_DECLENSION','Genus':'FEMININE','Numerus':'SINGULAR','Pos':'NN'},'name':'anima'}]}],'name':'anima@NN'}]">anima</w><c> </c><w lemma="[{'id':244512131,'ls':[{'id':244512132,'name':'tuus','wfs':[{'id':244512178,'morph':{'Casus':'NOMINATIVE','DeclensionType':'SECOND_DECLENSION','Genus':'NEUTER','Numerus':'PLURAL','Pos':'PRO','PronounType':'POSSESSIVE'},'name':'tua'},{'id':244512186,'morph':{'Casus':'NOMINATIVE','DeclensionType':'FIRST_DECLENSION','Genus':'FEMININE','Numerus':'SINGULAR','Pos':'PRO','PronounType':'POSSESSIVE'},'name':'tua'},{'id':244512211,'morph':{'Casus':'ACCUSATIVE','DeclensionType':'SECOND_DECLENSION','Genus':'NEUTER','Numerus':'PLURAL','Pos':'PRO','PronounType':'POSSESSIVE'},'name':'tua'}]}],'name':'tuus@PRO'}]">tua</w><c>.</c></s></p><p><s><milestone n="3" unit="verse"></milestone><w lemma="[{'id':1050574,'ls':[{'id':1050592,'name':'gavisus','wfs':[{'id':1050607,'morph':{'Casus':'NOMINATIVE','DeclensionType':'SECOND_DECLENSION','Genus':'MASCULINE','Numerus':'SINGULAR','Pos':'NN'},'name':'gavisus'}]}],'name':'gavisus@NN'}]">Gavisus</w><c> </c><w lemma="[{'id':7617143,'ls':[{'id':7617144,'name':'sum','wfs':[{'id':7617146,'morph':{'Mood':'INDICATIVE','Numerus':'SINGULAR','Person':'PERSON_1','Pos':'V','Tense':'PRESENT','VerbType':'VERBA_ANOMALA','Voice':'ACTIVE'},'name':'sum'}]}],'name':'sum@V'}]">sum</w><c> </c><w lemma="[{'id':251152,'ls':[{'id':9101,'name':'valde','wfs':[{'id':251159,'morph':{'ComparisonDegree':'POSITIVE','Pos':'ADV'},'name':'valde'}]}],'name':'valde@ADV'}]">valde</w><c> </c><w lemma="[{'id':7964639,'ls':[{'id':9166,'name':'venio','wfs':[{'id':7965050,'morph':{'Casus':'ABLATIVE','ConjugationType':'FOURTH_CONJUGATION','Genus':'MASCULINE','Mood':'PARTICIPLE','Numerus':'PLURAL','Pos':'V','Tense':'PRESENT','VerbType':'INTRANSITIVE','Voice':'ACTIVE'},'name':'venientibus'},{'id':7965052,'morph':{'Casus':'DATIVE','ConjugationType':'FOURTH_CONJUGATION','Genus':'MASCULINE','Mood':'PARTICIPLE','Numerus':'PLURAL','Pos':'V','Tense':'PRESENT','VerbType':'INTRANSITIVE','Voice':'ACTIVE'},'name':'venientibus'},{'id':7965058,'morph':{'Casus':'ABLATIVE','ConjugationType':'FOURTH_CONJUGATION','Genus':'NEUTER','Mood':'PARTICIPLE','Numerus':'PLURAL','Pos':'V','Tense':'PRESENT','VerbType':'INTRANSITIVE','Voice':'ACTIVE'},'name':'venientibus'},{'id':7965042,'morph':{'Casus':'ABLATIVE','ConjugationType':'FOURTH_CONJUGATION','Genus':'FEMININE','Mood':'PARTICIPLE','Numerus':'PLURAL','Pos':'V','Tense':'PRESENT','VerbType':'INTRANSITIVE','Voice':'ACTIVE'},'name':'venientibus'},{'id':7965060,'morph':{'Casus':'DATIVE','ConjugationType':'FOURTH_CONJUGATION','Genus':'NEUTER','Mood':'PARTICIPLE','Numerus':'PLURAL','Pos':'V','Tense':'PRESENT','VerbType':'INTRANSITIVE','Voice':'ACTIVE'},'name':'venientibus'},{'id':7965044,'morph':{'Casus':'DATIVE','ConjugationType':'FOURTH_CONJUGATION','Genus':'FEMININE','Mood':'PARTICIPLE','Numerus':'PLURAL','Pos':'V','Tense':'PRESENT','VerbType':'INTRANSITIVE','Voice':'ACTIVE'},'name':'venientibus'},{'id':556556001,'morph':{'Pos':'V'},'name':'venientibus'}]}],'name':'venio@V'}]">venientibus</w><c> </c><w lemma="[{'id':1040499,'ls':[{'id':4492,'name':'frater','wfs':[{'id':290588,'morph':{'Casus':'ABLATIVE','DeclensionType':'THIRD_DECLENSION','Genus':'MASCULINE','Numerus':'PLURAL','Pos':'NN'},'name':'fratribus'},{'id':241435784,'morph':{'Casus':'DATIVE','DeclensionType':'THIRD_DECLENSION','Genus':'MASCULINE','Numerus':'PLURAL','Pos':'NN'},'name':'fratribus'}]}],'name':'frater@NN'}]">fratribus</w><c>,</c><c> </c><w lemma="[{'id':109828,'ls':[{'id':109829,'name':'et','wfs':[{'id':109830,'morph':{'Pos':'CON'},'name':'et'}]}],'name':'et@CON'}]">et</w><c> </c><w lemma="[{'id':1415946,'ls':[{'id':8812,'name':'testimonium','wfs':[{'id':1415948,'morph':{'Casus':'NOMINATIVE','DeclensionType':'SECOND_DECLENSION','Genus':'NEUTER','Numerus':'SINGULAR','Pos':'NN'},'name':'testimonium'},{'id':243482016,'morph':{'Casus':'ACCUSATIVE','DeclensionType':'SECOND_DECLENSION','Genus':'NEUTER','Numerus':'SINGULAR','Pos':'NN'},'name':'testimonium'}]}],'name':'testimonium@NN'}]">testimonium</w><c> </c><w lemma="[{'id':6608342,'ls':[{'id':6961,'name':'perhibeo','wfs':[{'id':6608352,'morph':{'Casus':'ABLATIVE','ConjugationType':'SECOND_CONJUGATION','Genus':'MASCULINE','Mood':'PARTICIPLE','Numerus':'PLURAL','Pos':'V','Tense':'PRESENT','VerbType':'TRANSITIVE','Voice':'ACTIVE'},'name':'perhibentibus'},{'id':6608360,'morph':{'Casus':'ABLATIVE','ConjugationType':'SECOND_CONJUGATION','Genus':'NEUTER','Mood':'PARTICIPLE','Numerus':'PLURAL','Pos':'V','Tense':'PRESENT','VerbType':'TRANSITIVE','Voice':'ACTIVE'},'name':'perhibentibus'},{'id':6608344,'morph':{'Casus':'ABLATIVE','ConjugationType':'SECOND_CONJUGATION','Genus':'FEMININE','Mood':'PARTICIPLE','Numerus':'PLURAL','Pos':'V','Tense':'PRESENT','VerbType':'TRANSITIVE','Voice':'ACTIVE'},'name':'perhibentibus'},{'id':6608354,'morph':{'Casus':'DATIVE','ConjugationType':'SECOND_CONJUGATION','Genus':'MASCULINE','Mood':'PARTICIPLE','Numerus':'PLURAL','Pos':'V','Tense':'PRESENT','VerbType':'TRANSITIVE','Voice':'ACTIVE'},'name':'perhibentibus'},{'id':6608362,'morph':{'Casus':'DATIVE','ConjugationType':'SECOND_CONJUGATION','Genus':'NEUTER','Mood':'PARTICIPLE','Numerus':'PLURAL','Pos':'V','Tense':'PRESENT','VerbType':'TRANSITIVE','Voice':'ACTIVE'},'name':'perhibentibus'},{'id':6608346,'morph':{'Casus':'DATIVE','ConjugationType':'SECOND_CONJUGATION','Genus':'FEMININE','Mood':'PARTICIPLE','Numerus':'PLURAL','Pos':'V','Tense':'PRESENT','VerbType':'TRANSITIVE','Voice':'ACTIVE'},'name':'perhibentibus'}]}],'name':'perhibeo@V'}]">perhibentibus</w><c> </c><w lemma="[{'id':1455678,'ls':[{'id':9192,'name':'veritas','wfs':[{'id':243495933,'morph':{'Casus':'DATIVE','DeclensionType':'THIRD_DECLENSION','Genus':'FEMININE','Numerus':'SINGULAR','Pos':'NN'},'name':'veritati'}]}],'name':'veritas@NN'}]">veritati</w><c> </c><w lemma="[{'id':244512131,'ls':[{'id':244512132,'name':'tuus','wfs':[{'id':244512187,'morph':{'Casus':'GENITIVE','DeclensionType':'FIRST_DECLENSION','Genus':'FEMININE','Numerus':'SINGULAR','Pos':'PRO','PronounType':'POSSESSIVE'},'name':'tuae'},{'id':244512168,'morph':{'Casus':'NOMINATIVE','DeclensionType':'FIRST_DECLENSION','Genus':'FEMININE','Numerus':'PLURAL','Pos':'PRO','PronounType':'POSSESSIVE'},'name':'tuae'},{'id':243191877,'morph':{'Casus':'DATIVE','DeclensionType':'FIRST_DECLENSION','Genus':'FEMININE','Numerus':'SINGULAR','Pos':'PRO','PronounType':'POSSESSIVE'},'name':'tuae'}]}],'name':'tuus@PRO'}]">tuae</w><c>,</c><c> </c><w lemma="[{'id':110027,'ls':[{'id':110028,'name':'sicut','wfs':[{'id':110029,'morph':{'Pos':'CON'},'name':'sicut'}]}],'name':'sicut@CON'}]">sicut</w><c> </c><w lemma="[{'id':242816823,'ls':[{'id':242816824,'name':'tu','wfs':[{'id':244512111,'morph':{'Casus':'NOMINATIVE','Genus':'MASCULINE','Numerus':'SINGULAR','Pos':'PRO','PronounType':'PERSONAL'},'name':'tu'},{'id':244512101,'morph':{'Casus':'NOMINATIVE','Genus':'FEMININE','Numerus':'SINGULAR','Pos':'PRO','PronounType':'PERSONAL'},'name':'tu'},{'id':244512121,'morph':{'Casus':'NOMINATIVE','Genus':'NEUTER','Numerus':'SINGULAR','Pos':'PRO','PronounType':'PERSONAL'},'name':'tu'}]}],'name':'tu@PRO'}]">tu</w><c> </c><w lemma="[{'id':109577,'ls':[{'id':109578,'name':'in','wfs':[{'id':109579,'morph':{'Pos':'AP'},'name':'in'}]}],'name':'in@AP'}]">in</w><c> </c><w lemma="[{'id':1455678,'ls':[{'id':9192,'name':'veritas','wfs':[{'id':243495932,'morph':{'Casus':'ABLATIVE','DeclensionType':'THIRD_DECLENSION','Genus':'FEMININE','Numerus':'SINGULAR','Pos':'NN'},'name':'veritate'}]}],'name':'veritas@NN'}]">veritate</w><c> </c><w lemma="[{'id':3599191,'ls':[{'id':692,'name':'ambulo','wfs':[{'id':3599441,'morph':{'ConjugationType':'FIRST_CONJUGATION','Mood':'INDICATIVE','Numerus':'SINGULAR','Person':'PERSON_2','Pos':'V','Tense':'PRESENT','VerbType':'INTRANSITIVE','Voice':'ACTIVE'},'name':'ambulas'}]}],'name':'ambulo@V'}]">ambulas</w><c>.</c><milestone n="4" unit="verse"></milestone></s><s><w lemma="[{'id':1152817,'ls':[{'id':1152818,'name':'maior','wfs':[{'id':243389942,'morph':{'Casus':'ACCUSATIVE','DeclensionType':'THIRD_DECLENSION','Genus':'MASCULINE','Numerus':'SINGULAR','Pos':'NN'},'name':'maiorem'}]}],'name':'maior@NN'}]">Maiorem</w><c> </c><w lemma="[{'id':1069061,'ls':[{'id':4863,'name':'hora','wfs':[{'id':1069067,'morph':{'Casus':'GENITIVE','DeclensionType':'FIRST_DECLENSION','Genus':'FEMININE','Numerus':'PLURAL','Pos':'NN'},'name':'horum'}]}],'name':'hora@NN'}]">horum</w><c> </c><w lemma="[{'id':206035,'ls':[{'id':6416,'name':'non','wfs':[{'id':241322627,'morph':{'Pos':'ADV'},'name':'non'}]}],'name':'non@ADV'}]">non</w><c> </c><w lemma="[{'id':5618354,'ls':[{'id':4757,'name':'habeo','wfs':[{'id':5618516,'morph':{'ConjugationType':'SECOND_CONJUGATION','Mood':'INDICATIVE','Numerus':'SINGULAR','Person':'PERSON_1','Pos':'V','Tense':'PRESENT','VerbType':'TRANSITIVE','Voice':'ACTIVE'},'name':'habeo'}]}],'name':'habeo@V'}]">habeo</w><c> </c><w lemma="[{'id':1056993,'ls':[{'id':4717,'name':'gratia','wfs':[{'id':1057002,'morph':{'Casus':'ACCUSATIVE','DeclensionType':'FIRST_DECLENSION','Genus':'FEMININE','Numerus':'SINGULAR','Pos':'NN'},'name':'gratiam'}]}],'name':'gratia@NN'}]">gratiam</w><c>,</c><c> </c><w lemma="[{'id':109929,'ls':[{'id':109930,'name':'quam','wfs':[{'id':109931,'morph':{'Pos':'CON'},'name':'quam'}]}],'name':'quam@CON'}]">quam</w><c> </c><w lemma="[{'id':110061,'ls':[{'id':110062,'name':'ut','wfs':[{'id':110063,'morph':{'Pos':'CON'},'name':'ut'}]}],'name':'ut@CON'}]">ut</w><c> </c><w lemma="[{'id':3852536,'ls':[{'id':1192,'name':'audio','wfs':[{'id':3852678,'morph':{'ConjugationType':'FOURTH_CONJUGATION','Mood':'INDICATIVE','Numerus':'SINGULAR','Person':'PERSON_1','Pos':'V','Tense':'FUTURE','VerbType':'TRANSITIVE','Voice':'ACTIVE'},'name':'audiam'},{'id':3852700,'morph':{'ConjugationType':'FOURTH_CONJUGATION','Mood':'SUBJUNCTIVE','Numerus':'SINGULAR','Person':'PERSON_1','Pos':'V','Tense':'PRESENT','VerbType':'TRANSITIVE','Voice':'ACTIVE'},'name':'audiam'}]}],'name':'audio@V'}]">audiam</w><c> </c><w lemma="[{'id':1034174,'ls':[{'id':4372,'name':'filius','wfs':[{'id':244750564,'morph':{'Casus':'ACCUSATIVE','DeclensionType':'SECOND_DECLENSION','Genus':'MASCULINE','Numerus':'PLURAL','Pos':'NN'},'name':'filios'}]}],'name':'filius@NN'}]">filios</w><c> </c><w lemma="[{'id':244510189,'ls':[{'id':244510190,'name':'meus','wfs':[{'id':244510215,'morph':{'Casus':'ACCUSATIVE','Genus':'MASCULINE','Numerus':'PLURAL','Pos':'PRO','PronounType':'POSSESSIVE'},'name':'meos'}]}],'name':'meus@PRO'}]">meos</w><c> </c><w lemma="[{'id':109577,'ls':[{'id':109578,'name':'in','wfs':[{'id':109579,'morph':{'Pos':'AP'},'name':'in'}]}],'name':'in@AP'}]">in</w><c> </c><w lemma="[{'id':1455678,'ls':[{'id':9192,'name':'veritas','wfs':[{'id':243495932,'morph':{'Casus':'ABLATIVE','DeclensionType':'THIRD_DECLENSION','Genus':'FEMININE','Numerus':'SINGULAR','Pos':'NN'},'name':'veritate'}]}],'name':'veritas@NN'}]">veritate</w><c> </c><w lemma="[{'id':3599191,'ls':[{'id':692,'name':'ambulo','wfs':[{'id':498604041,'morph':{'Casus':'NOMINATIVE','DeclensionType':'SECOND_DECLENSION','Genus':'NEUTER','Mood':'GERUND','Numerus':'SINGULAR','Pos':'V'},'name':'ambulare'},{'id':3599444,'morph':{'ConjugationType':'FIRST_CONJUGATION','Mood':'IMPERATIVE','Numerus':'SINGULAR','Person':'PERSON_2','Pos':'V','Tense':'PRESENT','VerbType':'INTRANSITIVE','Voice':'PASSIVE'},'name':'ambulare'},{'id':3599272,'morph':{'ConjugationType':'FIRST_CONJUGATION','Mood':'INFINITIVE','Pos':'V','Tense':'PRESENT','VerbType':'INTRANSITIVE','Voice':'ACTIVE'},'name':'ambulare'}]}],'name':'ambulo@V'}]">ambulare</w><c>.</c><milestone n="5" unit="verse"></milestone></s><s><w lemma="[{'id':135628,'ls':[{'id':135629,'name':'caro','wfs':[{'id':135633,'morph':{'ComparisonDegree':'SUPERLATIVE','Pos':'ADV'},'name':'carissime'}]}],'name':'caro@ADV'}]">Carissime</w><c>,</c><c> </c><w lemma="[{'id':177645,'ls':[{'id':4362,'name':'fideliter','wfs':[{'id':177648,'morph':{'ComparisonDegree':'POSITIVE','Pos':'ADV'},'name':'fideliter'}]}],'name':'fideliter@ADV'}]">fideliter</w><c> </c><w lemma="[{'id':5475468,'ls':[{'id':4230,'name':'facio','wfs':[{'id':5475708,'morph':{'ConjugationType':'THIRD_CONJUGATION','Mood':'INDICATIVE','Numerus':'SINGULAR','Person':'PERSON_2','Pos':'V','Tense':'PRESENT','VerbType':'TRANSITIVE','Voice':'ACTIVE'},'name':'facis'}]}],'name':'facio@V'}]">facis</w><c> </c><w lemma="[{'id':241331912,'ls':[{'id':241331913,'name':'quidquid','wfs':[{'id':241331915,'morph':{'ComparisonDegree':'POSITIVE','Pos':'ADV'},'name':'quidquid'}]}],'name':'quidquid@ADV'}]">quidquid</w><c> </c><w lemma="[{'id':1212391,'ls':[{'id':1212392,'name':'operaria','wfs':[{'id':1212394,'morph':{'Casus':'ABLATIVE','DeclensionType':'FIRST_DECLENSION','Genus':'FEMININE','Numerus':'PLURAL','Pos':'NN'},'name':'operaris'},{'id':1212395,'morph':{'Casus':'DATIVE','DeclensionType':'FIRST_DECLENSION','Genus':'FEMININE','Numerus':'PLURAL','Pos':'NN'},'name':'operaris'}]}],'name':'operaria@NN'}]">operaris</w><c> </c><w lemma="[{'id':109577,'ls':[{'id':109578,'name':'in','wfs':[{'id':109579,'morph':{'Pos':'AP'},'name':'in'}]}],'name':'in@AP'}]">in</w><c> </c><w lemma="[{'id':1040499,'ls':[{'id':4492,'name':'frater','wfs':[{'id':241435781,'morph':{'Casus':'NOMINATIVE','DeclensionType':'THIRD_DECLENSION','Genus':'MASCULINE','Numerus':'PLURAL','Pos':'NN'},'name':'fratres'},{'id':481110647,'morph':{'Casus':'VOCATIVE','DeclensionType':'THIRD_DECLENSION','Genus':'MASCULINE','Numerus':'PLURAL','Pos':'NN'},'name':'fratres'},{'id':290586,'morph':{'Casus':'ACCUSATIVE','DeclensionType':'THIRD_DECLENSION','Genus':'MASCULINE','Numerus':'PLURAL','Pos':'NN'},'name':'fratres'}]}],'name':'frater@NN'}]">fratres</w><c>,</c><c> </c><w lemma="[{'id':109828,'ls':[{'id':109829,'name':'et','wfs':[{'id':109830,'morph':{'Pos':'CON'},'name':'et'}]}],'name':'et@CON'}]">et</w><c> </c><w lemma="[{'id':242815996,'ls':[{'id':242815997,'name':'hic','wfs':[{'id':244509722,'morph':{'Casus':'NOMINATIVE','Genus':'NEUTER','Numerus':'SINGULAR','Pos':'PRO','PronounType':'DEMONSTRATIVE'},'name':'hoc'},{'id':36187641,'morph':{'Casus':'ABLATIVE','Genus':'NEUTER','Numerus':'SINGULAR','Pos':'PRO','PronounType':'DEMONSTRATIVE'},'name':'hoc'},{'id':36187642,'morph':{'Casus':'ACCUSATIVE','Genus':'NEUTER','Numerus':'SINGULAR','Pos':'PRO','PronounType':'DEMONSTRATIVE'},'name':'hoc'},{'id':242816022,'morph':{'Casus':'ABLATIVE','Genus':'MASCULINE','Numerus':'SINGULAR','Pos':'PRO','PronounType':'DEMONSTRATIVE'},'name':'hoc'}]}],'name':'hic@PRO'}]">hoc</w><c> </c><w lemma="[{'id':109577,'ls':[{'id':109578,'name':'in','wfs':[{'id':109579,'morph':{'Pos':'AP'},'name':'in'}]}],'name':'in@AP'}]">in</w><c> </c><w lemma="[{'id':1238055,'ls':[{'id':1238056,'name':'peregrinus','wfs':[{'id':1238083,'morph':{'Casus':'ACCUSATIVE','DeclensionType':'SECOND_DECLENSION','Genus':'MASCULINE','Numerus':'SINGULAR','Pos':'NN'},'name':'peregrinos'},{'id':243418192,'morph':{'Casus':'ACCUSATIVE','DeclensionType':'SECOND_DECLENSION','Genus':'MASCULINE','Numerus':'PLURAL','Pos':'NN'},'name':'peregrinos'},{'id':1238089,'morph':{'Casus':'NOMINATIVE','DeclensionType':'SECOND_DECLENSION','Genus':'MASCULINE','Numerus':'SINGULAR','Pos':'NN'},'name':'peregrinos'},{'id':1238073,'morph':{'Casus':'ACCUSATIVE','DeclensionType':'SECOND_DECLENSION','Genus':'FEMININE','Numerus':'SINGULAR','Pos':'NN'},'name':'peregrinos'},{'id':243418191,'morph':{'Casus':'ACCUSATIVE','DeclensionType':'SECOND_DECLENSION','Genus':'FEMININE','Numerus':'PLURAL','Pos':'NN'},'name':'peregrinos'},{'id':1238079,'morph':{'Casus':'NOMINATIVE','DeclensionType':'SECOND_DECLENSION','Genus':'FEMININE','Numerus':'SINGULAR','Pos':'NN'},'name':'peregrinos'}]}],'name':'peregrinus@NN'}]">peregrinos</w><c>,</c><milestone n="6" unit="verse"></milestone><w lemma="[{'id':242816363,'ls':[{'id':242816364,'name':'qui','wfs':[{'id':296826592,'morph':{'Casus':'NOMINATIVE','Genus':'MASCULINE','Numerus':'PLURAL','Pos':'PRO','PronounType':'RELATIVE'},'name':'qui'},{'id':244511016,'morph':{'Casus':'NOMINATIVE','Genus':'MASCULINE','Numerus':'SINGULAR','Pos':'PRO','PronounType':'RELATIVE'},'name':'qui'},{'id':382851706,'morph':{'Casus':'NOMINATIVE','Genus':'NEUTER','Numerus':'PLURAL','Pos':'PRO','PronounType':'RELATIVE'},'name':'qui'},{'id':382871756,'morph':{'Casus':'NOMINATIVE','Genus':'FEMININE','Numerus':'PLURAL','Pos':'PRO','PronounType':'RELATIVE'},'name':'qui'},{'id':594773492,'morph':{'Casus':'NOMINATIVE','Genus':'FEMININE','Numerus':'SINGULAR','Pos':'PRO','PronounType':'RELATIVE'},'name':'qui'}]}],'name':'qui@PRO'}]">qui</w><c> </c><w lemma="[{'id':1415946,'ls':[{'id':8812,'name':'testimonium','wfs':[{'id':1415948,'morph':{'Casus':'NOMINATIVE','DeclensionType':'SECOND_DECLENSION','Genus':'NEUTER','Numerus':'SINGULAR','Pos':'NN'},'name':'testimonium'},{'id':243482016,'morph':{'Casus':'ACCUSATIVE','DeclensionType':'SECOND_DECLENSION','Genus':'NEUTER','Numerus':'SINGULAR','Pos':'NN'},'name':'testimonium'}]}],'name':'testimonium@NN'}]">testimonium</w><c> </c><w lemma="[{'id':7086882,'ls':[{'id':7788,'name':'reddo','wfs':[{'id':7087167,'morph':{'ConjugationType':'THIRD_CONJUGATION','Mood':'INDICATIVE','Numerus':'PLURAL','Person':'PERSON_3','Pos':'V','Tense':'PERFECT','VerbType':'TRANSITIVE','Voice':'ACTIVE'},'name':'reddiderunt'}]}],'name':'reddo@V'}]">reddiderunt</w><c> </c><w lemma="[{'id':834500,'ls':[{'id':1623,'name':'caritas','wfs':[{'id':834510,'morph':{'Casus':'GENITIVE','DeclensionType':'THIRD_DECLENSION','Genus':'FEMININE','Numerus':'SINGULAR','Pos':'NN'},'name':'caritati'},{'id':243276211,'morph':{'Casus':'DATIVE','DeclensionType':'THIRD_DECLENSION','Genus':'FEMININE','Numerus':'SINGULAR','Pos':'NN'},'name':'caritati'}]}],'name':'caritas@NN'}]">caritati</w><c> </c><w lemma="[{'id':244512131,'ls':[{'id':244512132,'name':'tuus','wfs':[{'id':244512187,'morph':{'Casus':'GENITIVE','DeclensionType':'FIRST_DECLENSION','Genus':'FEMININE','Numerus':'SINGULAR','Pos':'PRO','PronounType':'POSSESSIVE'},'name':'tuae'},{'id':244512168,'morph':{'Casus':'NOMINATIVE','DeclensionType':'FIRST_DECLENSION','Genus':'FEMININE','Numerus':'PLURAL','Pos':'PRO','PronounType':'POSSESSIVE'},'name':'tuae'},{'id':241024135,'morph':{'Casus':'DATIVE','DeclensionType':'FIRST_DECLENSION','Genus':'FEMININE','Numerus':'SINGULAR','Pos':'PRO'},'name':'tuae'},{'id':243191877,'morph':{'Casus':'DATIVE','DeclensionType':'FIRST_DECLENSION','Genus':'FEMININE','Numerus':'SINGULAR','Pos':'PRO','PronounType':'POSSESSIVE'},'name':'tuae'}]}],'name':'tuus@PRO'}]">tuae</w><c> </c><w lemma="[{'id':109577,'ls':[{'id':109578,'name':'in','wfs':[{'id':109579,'morph':{'Pos':'AP'},'name':'in'}]}],'name':'in@AP'}]">in</w><c> </c><w lemma="[{'id':4502487,'ls':[{'id':2574,'name':'conspicio','wfs':[{'id':4502575,'morph':{'Casus':'ABLATIVE','Genus':'NEUTER','Mood':'SUPINE','Numerus':'SINGULAR','Pos':'V','VerbType':'TRANSITIVE'},'name':'conspectu'}]}],'name':'conspicio@V'}]">conspectu</w><c> </c><w lemma="[{'id':985146,'ls':[{'id':3766,'name':'ecclesia','wfs':[{'id':985186,'morph':{'Casus':'GENITIVE','DeclensionType':'FIRST_DECLENSION','Genus':'FEMININE','Numerus':'SINGULAR','Pos':'NN'},'name':'ecclesiae'},{'id':985181,'morph':{'Casus':'NOMINATIVE','DeclensionType':'FIRST_DECLENSION','Genus':'FEMININE','Numerus':'PLURAL','Pos':'NN'},'name':'ecclesiae'},{'id':985185,'morph':{'Casus':'DATIVE','DeclensionType':'FIRST_DECLENSION','Genus':'FEMININE','Numerus':'SINGULAR','Pos':'NN'},'name':'ecclesiae'}]}],'name':'ecclesia@NN'}]">ecclesiae</w><c>:</c><c> </c><w lemma="[{'id':242816363,'ls':[{'id':242816364,'name':'qui','wfs':[{'id':242816417,'morph':{'Casus':'ACCUSATIVE','Genus':'MASCULINE','Numerus':'PLURAL','Pos':'PRO','PronounType':'RELATIVE'},'name':'quos'},{'id':539256810,'morph':{'Casus':'ACCUSATIVE','Genus':'MASCULINE','Numerus':'PLURAL','Pos':'PRO'},'name':'quos'}]}],'name':'qui@PRO'}]">quos</w><c>,</c><c> </c><w lemma="[{'id':3901565,'ls':[{'id':3901566,'name':'benefacio','wfs':[{'id':3901595,'morph':{'Casus':'NOMINATIVE','ConjugationType':'THIRD_CONJUGATION','Genus':'FEMININE','Mood':'PARTICIPLE','Numerus':'SINGULAR','Pos':'V','Tense':'PRESENT','VerbType':'TRANSITIVE','Voice':'ACTIVE'},'name':'benefaciens'},{'id':3901601,'morph':{'Casus':'ACCUSATIVE','ConjugationType':'THIRD_CONJUGATION','Genus':'NEUTER','Mood':'PARTICIPLE','Numerus':'SINGULAR','Pos':'V','Tense':'PRESENT','VerbType':'TRANSITIVE','Voice':'ACTIVE'},'name':'benefaciens'},{'id':3901600,'morph':{'Casus':'NOMINATIVE','ConjugationType':'THIRD_CONJUGATION','Genus':'MASCULINE','Mood':'PARTICIPLE','Numerus':'SINGULAR','Pos':'V','Tense':'PRESENT','VerbType':'TRANSITIVE','Voice':'ACTIVE'},'name':'benefaciens'},{'id':3901605,'morph':{'Casus':'NOMINATIVE','ConjugationType':'THIRD_CONJUGATION','Genus':'NEUTER','Mood':'PARTICIPLE','Numerus':'SINGULAR','Pos':'V','Tense':'PRESENT','VerbType':'TRANSITIVE','Voice':'ACTIVE'},'name':'benefaciens'}]}],'name':'benefacio@V'}]">benefaciens</w><c>,</c><c> </c><w lemma="[{'id':941566,'ls':[{'id':941567,'name':'dedux','wfs':[{'id':941575,'morph':{'Casus':'NOMINATIVE','DeclensionType':'THIRD_DECLENSION','Genus':'MASCULINE','Numerus':'PLURAL','Pos':'NN'},'name':'deduces'},{'id':941576,'morph':{'Casus':'VOCATIVE','DeclensionType':'THIRD_DECLENSION','Genus':'MASCULINE','Numerus':'PLURAL','Pos':'NN'},'name':'deduces'},{'id':941568,'morph':{'Casus':'ACCUSATIVE','DeclensionType':'THIRD_DECLENSION','Genus':'MASCULINE','Numerus':'PLURAL','Pos':'NN'},'name':'deduces'}]}],'name':'dedux@NN'}]">deduces</w><c> </c><w lemma="[{'id':165481,'ls':[{'id':3525,'name':'digne','wfs':[{'id':165484,'morph':{'ComparisonDegree':'POSITIVE','Pos':'ADV'},'name':'digne'}]}],'name':'digne@ADV'}]">digne</w><c> </c><w lemma="[{'id':958093,'ls':[{'id':958094,'name':'deus','wfs':[{'id':958106,'morph':{'Casus':'DATIVE','DeclensionType':'SECOND_DECLENSION','Genus':'MASCULINE','Numerus':'SINGULAR','Pos':'NN'},'name':'deo'},{'id':958105,'morph':{'Casus':'ABLATIVE','DeclensionType':'SECOND_DECLENSION','Genus':'MASCULINE','Numerus':'SINGULAR','Pos':'NN'},'name':'deo'}]}],'name':'deus@NN'}]">Deo</w><c>.</c><milestone n="7" unit="verse"></milestone></s><s><w lemma="[{'id':109629,'ls':[{'id':109630,'name':'pro','wfs':[{'id':109631,'morph':{'Pos':'AP'},'name':'pro'}]}],'name':'pro@AP'}]">Pro</w><c> </c><w lemma="[{'id':1191767,'ls':[{'id':6409,'name':'nomen','wfs':[{'id':243402774,'morph':{'Casus':'ABLATIVE','DeclensionType':'THIRD_DECLENSION','Genus':'NEUTER','Numerus':'SINGULAR','Pos':'NN'},'name':'nomine'}]}],'name':'nomen@NN'}]">nomine</w><c> </c><w lemma="[{'id':109821,'ls':[{'id':109822,'name':'enim','wfs':[{'id':109823,'morph':{'Pos':'CON'},'name':'enim'}]}],'name':'enim@CON'}]">enim</w><c> </c><w lemma="[{'id':242816207,'ls':[{'id':242816208,'name':'is','wfs':[{'id':244510026,'morph':{'Casus':'GENITIVE','Genus':'NEUTER','Numerus':'SINGULAR','Pos':'PRO','PronounType':'PERSONAL'},'name':'eius'},{'id':297496634,'morph':{'Casus':'GENITIVE','Genus':'MASCULINE','Numerus':'SINGULAR','Pos':'PRO','PronounType':'PERSONAL'},'name':'eius'},{'id':297496633,'morph':{'Casus':'GENITIVE','Genus':'FEMININE','Numerus':'SINGULAR','Pos':'PRO','PronounType':'PERSONAL'},'name':'eius'}]}],'name':'is@PRO'}]">eius</w><c> </c><w lemma="[{'id':6914688,'ls':[{'id':6914689,'name':'proficio','wfs':[{'id':6914761,'morph':{'Casus':'GENITIVE','ConjugationType':'THIRD_CONJUGATION','Genus':'MASCULINE','Mood':'PARTICIPLE','Numerus':'SINGULAR','Pos':'V','Tense':'PERFECT','VerbType':'TRANSITIVE','Voice':'PASSIVE'},'name':'profecti'},{'id':6914984,'morph':{'ConjugationType':'THIRD_CONJUGATION','Genus':'MASCULINE','Mood':'INDICATIVE','Numerus':'PLURAL','Person':'PERSON_3','Pos':'V','Tense':'PERFECT','VerbType':'TRANSITIVE','Voice':'PASSIVE'},'name':'profecti'},{'id':6914827,'morph':{'ConjugationType':'THIRD_CONJUGATION','Genus':'MASCULINE','Mood':'INDICATIVE','Numerus':'PLURAL','Person':'PERSON_1','Pos':'V','Tense':'FUTURE_PERFECT','VerbType':'TRANSITIVE','Voice':'PASSIVE'},'name':'profecti'},{'id':6914988,'morph':{'ConjugationType':'THIRD_CONJUGATION','Genus':'MASCULINE','Mood':'SUBJUNCTIVE','Numerus':'PLURAL','Person':'PERSON_3','Pos':'V','Tense':'PERFECT','VerbType':'TRANSITIVE','Voice':'PASSIVE'},'name':'profecti'},{'id':6914892,'morph':{'ConjugationType':'THIRD_CONJUGATION','Genus':'MASCULINE','Mood':'INDICATIVE','Numerus':'PLURAL','Person':'PERSON_2','Pos':'V','Tense':'PERFECT','VerbType':'TRANSITIVE','Voice':'PASSIVE'},'name':'profecti'},{'id':6914799,'morph':{'ConjugationType':'THIRD_CONJUGATION','Genus':'MASCULINE','Mood':'INDICATIVE','Numerus':'PLURAL','Person':'PERSON_1','Pos':'V','Tense':'PLUPERFECT','VerbType':'TRANSITIVE','Voice':'PASSIVE'},'name':'profecti'},{'id':6914817,'morph':{'ConjugationType':'THIRD_CONJUGATION','Genus':'MASCULINE','Mood':'INDICATIVE','Numerus':'PLURAL','Person':'PERSON_1','Pos':'V','Tense':'PERFECT','VerbType':'TRANSITIVE','Voice':'PASSIVE'},'name':'profecti'},{'id':6914882,'morph':{'ConjugationType':'THIRD_CONJUGATION','Genus':'MASCULINE','Mood':'SUBJUNCTIVE','Numerus':'PLURAL','Person':'PERSON_2','Pos':'V','Tense':'PLUPERFECT','VerbType':'TRANSITIVE','Voice':'PASSIVE'},'name':'profecti'},{'id':6914822,'morph':{'ConjugationType':'THIRD_CONJUGATION','Genus':'MASCULINE','Mood':'SUBJUNCTIVE','Numerus':'PLURAL','Person':'PERSON_1','Pos':'V','Tense':'PERFECT','VerbType':'TRANSITIVE','Voice':'PASSIVE'},'name':'profecti'},{'id':6914745,'morph':{'Casus':'NOMINATIVE','ConjugationType':'THIRD_CONJUGATION','Genus':'MASCULINE','Mood':'PARTICIPLE','Numerus':'PLURAL','Pos':'V','Tense':'PERFECT','VerbType':'TRANSITIVE','Voice':'PASSIVE'},'name':'profecti'},{'id':6914971,'morph':{'ConjugationType':'THIRD_CONJUGATION','Genus':'MASCULINE','Mood':'SUBJUNCTIVE','Numerus':'PLURAL','Person':'PERSON_3','Pos':'V','Tense':'PLUPERFECT','VerbType':'TRANSITIVE','Voice':'PASSIVE'},'name':'profecti'},{'id':6914878,'morph':{'ConjugationType':'THIRD_CONJUGATION','Genus':'MASCULINE','Mood':'INDICATIVE','Numerus':'PLURAL','Person':'PERSON_2','Pos':'V','Tense':'PLUPERFECT','VerbType':'TRANSITIVE','Voice':'PASSIVE'},'name':'profecti'},{'id':6914768,'morph':{'Casus':'GENITIVE','ConjugationType':'THIRD_CONJUGATION','Genus':'NEUTER','Mood':'PARTICIPLE','Numerus':'SINGULAR','Pos':'V','Tense':'PERFECT','VerbType':'TRANSITIVE','Voice':'PASSIVE'},'name':'profecti'},{'id':6914992,'morph':{'ConjugationType':'THIRD_CONJUGATION','Genus':'MASCULINE','Mood':'INDICATIVE','Numerus':'PLURAL','Person':'PERSON_3','Pos':'V','Tense':'FUTURE_PERFECT','VerbType':'TRANSITIVE','Voice':'PASSIVE'},'name':'profecti'},{'id':6914896,'morph':{'ConjugationType':'THIRD_CONJUGATION','Genus':'MASCULINE','Mood':'SUBJUNCTIVE','Numerus':'PLURAL','Person':'PERSON_2','Pos':'V','Tense':'PERFECT','VerbType':'TRANSITIVE','Voice':'PASSIVE'},'name':'profecti'},{'id':6914900,'morph':{'ConjugationType':'THIRD_CONJUGATION','Genus':'MASCULINE','Mood':'INDICATIVE','Numerus':'PLURAL','Person':'PERSON_2','Pos':'V','Tense':'FUTURE_PERFECT','VerbType':'TRANSITIVE','Voice':'PASSIVE'},'name':'profecti'},{'id':6914804,'morph':{'ConjugationType':'THIRD_CONJUGATION','Genus':'MASCULINE','Mood':'SUBJUNCTIVE','Numerus':'PLURAL','Person':'PERSON_1','Pos':'V','Tense':'PLUPERFECT','VerbType':'TRANSITIVE','Voice':'PASSIVE'},'name':'profecti'},{'id':6914967,'morph':{'ConjugationType':'THIRD_CONJUGATION','Genus':'MASCULINE','Mood':'INDICATIVE','Numerus':'PLURAL','Person':'PERSON_3','Pos':'V','Tense':'PLUPERFECT','VerbType':'TRANSITIVE','Voice':'PASSIVE'},'name':'profecti'}]}],'name':'proficio@V'}]">profecti</w><c> </c><w lemma="[{'id':7617143,'ls':[{'id':7617144,'name':'sum','wfs':[{'id':242825914,'morph':{'Mood':'INDICATIVE','Numerus':'PLURAL','Person':'PERSON_3','Pos':'V','Tense':'PRESENT','VerbType':'VERBA_ANOMALA','Voice':'ACTIVE'},'name':'sunt'}]}],'name':'sum@V'}]">sunt</w><c>,</c><c> </c><w lemma="[{'id':242816277,'ls':[{'id':242816278,'name':'nemo','wfs':[{'id':496762542,'morph':{'Casus':'ACCUSATIVE','Genus':'NEUTER','Numerus':'SINGULAR','Pos':'PRO','PronounType':'INDEFINITE'},'name':'nihil'},{'id':496762529,'morph':{'Casus':'NOMINATIVE','Genus':'NEUTER','Numerus':'SINGULAR','Pos':'PRO','PronounType':'INDEFINITE'},'name':'nihil'}]}],'name':'nemo@PRO'}]">nihil</w><c> </c><w lemma="[{'id':3384337,'ls':[{'id':3384338,'name':'accipio','wfs':[{'id':3384339,'morph':{'Casus':'ACCUSATIVE','ConjugationType':'THIRD_CONJUGATION','Genus':'FEMININE','Mood':'PARTICIPLE','Numerus':'PLURAL','Pos':'V','Tense':'PRESENT','VerbType':'TRANSITIVE','Voice':'ACTIVE'},'name':'accipientes'},{'id':3384347,'morph':{'Casus':'ACCUSATIVE','ConjugationType':'THIRD_CONJUGATION','Genus':'MASCULINE','Mood':'PARTICIPLE','Numerus':'PLURAL','Pos':'V','Tense':'PRESENT','VerbType':'TRANSITIVE','Voice':'ACTIVE'},'name':'accipientes'},{'id':3384354,'morph':{'Casus':'NOMINATIVE','ConjugationType':'THIRD_CONJUGATION','Genus':'MASCULINE','Mood':'PARTICIPLE','Numerus':'PLURAL','Pos':'V','Tense':'PRESENT','VerbType':'TRANSITIVE','Voice':'ACTIVE'},'name':'accipientes'},{'id':3384346,'morph':{'Casus':'NOMINATIVE','ConjugationType':'THIRD_CONJUGATION','Genus':'FEMININE','Mood':'PARTICIPLE','Numerus':'PLURAL','Pos':'V','Tense':'PRESENT','VerbType':'TRANSITIVE','Voice':'ACTIVE'},'name':'accipientes'}]}],'name':'accipio@V'}]">accipientes</w><c> </c><w lemma="[{'id':109433,'ls':[{'id':109434,'name':'a','wfs':[{'id':109435,'morph':{'Pos':'AP'},'name':'a'}]}],'name':'a@AP'}]">a</w><c> </c><w lemma="[{'id':1052032,'ls':[{'id':4633,'name':'gens','wfs':[{'id':1052036,'morph':{'Casus':'DATIVE','DeclensionType':'THIRD_DECLENSION','Genus':'FEMININE','Numerus':'PLURAL','Pos':'NN'},'name':'gentibus'},{'id':1052034,'morph':{'Casus':'ABLATIVE','DeclensionType':'THIRD_DECLENSION','Genus':'FEMININE','Numerus':'PLURAL','Pos':'NN'},'name':'gentibus'}]}],'name':'gens@NN'}]">gentibus</w><c>.</c><milestone n="8" unit="verse"></milestone></s><s><w lemma="[{'id':242816286,'ls':[{'id':242816287,'name':'nos','wfs':[{'id':273666738,'morph':{'Casus':'ACCUSATIVE','Genus':'COMMON','Numerus':'PLURAL','Pos':'PRO','PronounType':'PERSONAL'},'name':'nos'},{'id':242816291,'morph':{'Casus':'NOMINATIVE','Genus':'COMMON','Numerus':'PLURAL','Pos':'PRO','PronounType':'PERSONAL'},'name':'nos'}]}],'name':'nos@PRO'}]">Nos</w><c> </c><w lemma="[{'id':171912,'ls':[{'id':171913,'name':'ergo','wfs':[{'id':171914,'morph':{'ComparisonDegree':'POSITIVE','Pos':'ADV'},'name':'ergo'}]}],'name':'ergo@ADV'}]">ergo</w><c> </c><w lemma="[{'id':4694501,'ls':[{'id':3027,'name':'debeo','wfs':[{'id':4694614,'morph':{'ConjugationType':'SECOND_CONJUGATION','Mood':'INDICATIVE','Numerus':'PLURAL','Person':'PERSON_1','Pos':'V','Tense':'PRESENT','VerbType':'TRANSITIVE','Voice':'ACTIVE'},'name':'debemus'}]}],'name':'debeo@V'}]">debemus</w><c> </c><w lemma="[{'id':7755891,'ls':[{'id':8690,'name':'suscipio','wfs':[{'id':502272668,'morph':{'Casus':'NOMINATIVE','DeclensionType':'SECOND_DECLENSION','Genus':'NEUTER','Mood':'GERUND','Numerus':'SINGULAR','Pos':'V'},'name':'suscipere'},{'id':7756931,'morph':{'ConjugationType':'THIRD_CONJUGATION','Mood':'INDICATIVE','Numerus':'SINGULAR','Person':'PERSON_2','Pos':'V','Tense':'FUTURE','VerbType':'TRANSITIVE','Voice':'PASSIVE'},'name':'suscipere'},{'id':7756963,'morph':{'ConjugationType':'THIRD_CONJUGATION','Mood':'IMPERATIVE','Numerus':'SINGULAR','Person':'PERSON_2','Pos':'V','Tense':'PRESENT','VerbType':'TRANSITIVE','Voice':'PASSIVE'},'name':'suscipere'},{'id':7756785,'morph':{'ConjugationType':'THIRD_CONJUGATION','Mood':'INFINITIVE','Pos':'V','Tense':'PRESENT','VerbType':'TRANSITIVE','Voice':'ACTIVE'},'name':'suscipere'}]}],'name':'suscipio@V'}]">suscipere</w><c> </c><w lemma="[{'id':241312115,'ls':[{'id':241312116,'name':'huiusmodi','wfs':[{'id':241312120,'morph':{'ComparisonDegree':'POSITIVE','Pos':'ADV'},'name':'huiusmodi'}]}],'name':'huiusmodi@ADV'}]">huiusmodi</w><c>,</c><c> </c><w lemma="[{'id':110061,'ls':[{'id':110062,'name':'ut','wfs':[{'id':110063,'morph':{'Pos':'CON'},'name':'ut'}]}],'name':'ut@CON'}]">ut</w><c> </c><w lemma="[{'id':913905,'ls':[{'id':2735,'name':'cooperator','wfs':[{'id':913913,'morph':{'Casus':'NOMINATIVE','DeclensionType':'THIRD_DECLENSION','Genus':'MASCULINE','Numerus':'PLURAL','Pos':'NN'},'name':'cooperatores'},{'id':913906,'morph':{'Casus':'ACCUSATIVE','DeclensionType':'THIRD_DECLENSION','Genus':'MASCULINE','Numerus':'PLURAL','Pos':'NN'},'name':'cooperatores'}]}],'name':'cooperator@NN'}]">cooperatores</w><c> </c><w lemma="[{'id':3058722,'ls':[{'id':3058723,'name':'simus','wfs':[{'id':3058811,'morph':{'Casus':'NOMINATIVE','ComparisonDegree':'POSITIVE','DeclensionType':'SECOND_DECLENSION','Genus':'MASCULINE','Numerus':'SINGULAR','Pos':'ADJ'},'name':'simus'}]}],'name':'simus@ADJ'}]">simus</w><c> </c><w lemma="[{'id':1455678,'ls':[{'id':9192,'name':'veritas','wfs':[{'id':1455702,'morph':{'Casus':'GENITIVE','DeclensionType':'THIRD_DECLENSION','Genus':'FEMININE','Numerus':'SINGULAR','Pos':'NN'},'name':'veritatis'}]}],'name':'veritas@NN'}]">veritatis</w><c>.</c></s></p><p><s><milestone n="9" unit="verse"></milestone><w lemma="[{'id':7323474,'ls':[{'id':8180,'name':'scribo','wfs':[{'id':7323621,'morph':{'ConjugationType':'THIRD_CONJUGATION','Mood':'SUBJUNCTIVE','Numerus':'SINGULAR','Person':'PERSON_1','Pos':'V','Tense':'PLUPERFECT','VerbType':'TRANSITIVE','Voice':'ACTIVE'},'name':'scripsissem'}]}],'name':'scribo@V'}]">Scripsissem</w><c> </c><w lemma="[{'id':178890,'ls':[{'id':4468,'name':'forsitan','wfs':[{'id':178893,'morph':{'ComparisonDegree':'POSITIVE','Pos':'ADV'},'name':'forsitan'}]}],'name':'forsitan@ADV'}]">forsitan</w><c> </c><w lemma="[{'id':985146,'ls':[{'id':3766,'name':'ecclesia','wfs':[{'id':985186,'morph':{'Casus':'GENITIVE','DeclensionType':'FIRST_DECLENSION','Genus':'FEMININE','Numerus':'SINGULAR','Pos':'NN'},'name':'ecclesiae'},{'id':985181,'morph':{'Casus':'NOMINATIVE','DeclensionType':'FIRST_DECLENSION','Genus':'FEMININE','Numerus':'PLURAL','Pos':'NN'},'name':'ecclesiae'},{'id':985185,'morph':{'Casus':'DATIVE','DeclensionType':'FIRST_DECLENSION','Genus':'FEMININE','Numerus':'SINGULAR','Pos':'NN'},'name':'ecclesiae'}]}],'name':'ecclesia@NN'}]">ecclesiae</w><c>:</c><c> </c><w lemma="[{'id':110010,'ls':[{'id':110011,'name':'sed','wfs':[{'id':110012,'morph':{'Pos':'CON'},'name':'sed'}]}],'name':'sed@CON'}]">sed</w><c> </c><w lemma="[{'id':242816207,'ls':[{'id':242816208,'name':'is','wfs':[{'id':244510104,'morph':{'Casus':'NOMINATIVE','Genus':'MASCULINE','Numerus':'SINGULAR','Pos':'PRO','PronounType':'PERSONAL'},'name':'is'}]}],'name':'is@PRO'}]">is</w><c> </c><w lemma="[{'id':242816363,'ls':[{'id':242816364,'name':'qui','wfs':[{'id':296826592,'morph':{'Casus':'NOMINATIVE','Genus':'MASCULINE','Numerus':'PLURAL','Pos':'PRO','PronounType':'RELATIVE'},'name':'qui'},{'id':244511016,'morph':{'Casus':'NOMINATIVE','Genus':'MASCULINE','Numerus':'SINGULAR','Pos':'PRO','PronounType':'RELATIVE'},'name':'qui'},{'id':382851706,'morph':{'Casus':'NOMINATIVE','Genus':'NEUTER','Numerus':'PLURAL','Pos':'PRO','PronounType':'RELATIVE'},'name':'qui'},{'id':382871756,'morph':{'Casus':'NOMINATIVE','Genus':'FEMININE','Numerus':'PLURAL','Pos':'PRO','PronounType':'RELATIVE'},'name':'qui'},{'id':594773492,'morph':{'Casus':'NOMINATIVE','Genus':'FEMININE','Numerus':'SINGULAR','Pos':'PRO','PronounType':'RELATIVE'},'name':'qui'}]}],'name':'qui@PRO'}]">qui</w><c> </c><w lemma="[{'id':3613136,'ls':[{'id':3613137,'name':'amo','wfs':[{'id':3613487,'morph':{'ConjugationType':'FIRST_CONJUGATION','Mood':'INDICATIVE','Numerus':'SINGULAR','Person':'PERSON_3','Pos':'V','Tense':'PRESENT','VerbType':'TRANSITIVE','Voice':'ACTIVE'},'name':'amat'}]}],'name':'amo@V'}]">amat</w><c> </c><w lemma="[{'id':1278411,'ls':[{'id':7388,'name':'primatus','wfs':[{'id':243431408,'morph':{'Casus':'ACCUSATIVE','DeclensionType':'FOURTH_DECLENSION','Genus':'MASCULINE','Numerus':'SINGULAR','Pos':'NN'},'name':'primatum'}]}],'name':'primatus@NN'}]">primatum</w><c> </c><w lemma="[{'id':5592400,'ls':[{'id':4645,'name':'gero','wfs':[{'id':497518004,'morph':{'Casus':'NOMINATIVE','DeclensionType':'SECOND_DECLENSION','Genus':'NEUTER','Mood':'GERUND','Numerus':'SINGULAR','Pos':'V'},'name':'gerere'},{'id':5592609,'morph':{'ConjugationType':'THIRD_CONJUGATION','Mood':'INDICATIVE','Numerus':'SINGULAR','Person':'PERSON_2','Pos':'V','Tense':'FUTURE','VerbType':'TRANSITIVE','Voice':'PASSIVE'},'name':'gerere'},{'id':5592481,'morph':{'ConjugationType':'THIRD_CONJUGATION','Mood':'INFINITIVE','Pos':'V','Tense':'PRESENT','VerbType':'TRANSITIVE','Voice':'ACTIVE'},'name':'gerere'},{'id':5592634,'morph':{'ConjugationType':'THIRD_CONJUGATION','Mood':'IMPERATIVE','Numerus':'SINGULAR','Person':'PERSON_2','Pos':'V','Tense':'PRESENT','VerbType':'TRANSITIVE','Voice':'PASSIVE'},'name':'gerere'}]}],'name':'gero@V'}]">gerere</w><c> </c><w lemma="[{'id':109577,'ls':[{'id':109578,'name':'in','wfs':[{'id':109579,'morph':{'Pos':'AP'},'name':'in'}]}],'name':'in@AP'}]">in</w><c> </c><w lemma="[{'id':242816207,'ls':[{'id':242816208,'name':'is','wfs':[{'id':297496625,'morph':{'Casus':'ABLATIVE','Genus':'NEUTER','Numerus':'PLURAL','Pos':'PRO','PronounType':'PERSONAL'},'name':'eis'},{'id':297496624,'morph':{'Casus':'ABLATIVE','Genus':'FEMININE','Numerus':'PLURAL','Pos':'PRO','PronounType':'PERSONAL'},'name':'eis'},{'id':297496623,'morph':{'Casus':'DATIVE','Genus':'FEMININE','Numerus':'PLURAL','Pos':'PRO','PronounType':'PERSONAL'},'name':'eis'},{'id':242816220,'morph':{'Casus':'DATIVE','Genus':'MASCULINE','Numerus':'PLURAL','Pos':'PRO','PronounType':'PERSONAL'},'name':'eis'},{'id':297496622,'morph':{'Casus':'DATIVE','Genus':'NEUTER','Numerus':'PLURAL','Pos':'PRO','PronounType':'PERSONAL'},'name':'eis'},{'id':244510101,'morph':{'Casus':'ABLATIVE','Genus':'MASCULINE','Numerus':'PLURAL','Pos':'PRO','PronounType':'PERSONAL'},'name':'eis'}]}],'name':'is@PRO'}]">eis</w><c>,</c><c> </c><w>Diotrephes</w><c>,</c><c> </c><w lemma="[{'id':206035,'ls':[{'id':6416,'name':'non','wfs':[{'id':241322627,'morph':{'Pos':'ADV'},'name':'non'}]}],'name':'non@ADV'}]">non</w><c> </c><w lemma="[{'id':7059544,'ls':[{'id':7759,'name':'recipio','wfs':[{'id':7059868,'morph':{'ConjugationType':'THIRD_CONJUGATION','Mood':'INDICATIVE','Numerus':'SINGULAR','Person':'PERSON_3','Pos':'V','Tense':'PRESENT','VerbType':'TRANSITIVE','Voice':'ACTIVE'},'name':'recipit'}]}],'name':'recipio@V'}]">recipit</w><c> </c><w lemma="[{'id':242816286,'ls':[{'id':242816287,'name':'nos','wfs':[{'id':273666738,'morph':{'Casus':'ACCUSATIVE','Genus':'COMMON','Numerus':'PLURAL','Pos':'PRO','PronounType':'PERSONAL'},'name':'nos'},{'id':242816291,'morph':{'Casus':'NOMINATIVE','Genus':'COMMON','Numerus':'PLURAL','Pos':'PRO','PronounType':'PERSONAL'},'name':'nos'}]}],'name':'nos@PRO'}]">nos</w><c>:</c><milestone n="10" unit="verse"></milestone><w lemma="[{'id':109635,'ls':[{'id':109636,'name':'propter','wfs':[{'id':109637,'morph':{'Pos':'AP'},'name':'propter'}]}],'name':'propter@AP'}]">propter</w><c> </c><w lemma="[{'id':242815996,'ls':[{'id':242815997,'name':'hic','wfs':[{'id':244509722,'morph':{'Casus':'NOMINATIVE','Genus':'NEUTER','Numerus':'SINGULAR','Pos':'PRO','PronounType':'DEMONSTRATIVE'},'name':'hoc'},{'id':36187641,'morph':{'Casus':'ABLATIVE','Genus':'NEUTER','Numerus':'SINGULAR','Pos':'PRO','PronounType':'DEMONSTRATIVE'},'name':'hoc'},{'id':36187642,'morph':{'Casus':'ACCUSATIVE','Genus':'NEUTER','Numerus':'SINGULAR','Pos':'PRO','PronounType':'DEMONSTRATIVE'},'name':'hoc'},{'id':242816022,'morph':{'Casus':'ABLATIVE','Genus':'MASCULINE','Numerus':'SINGULAR','Pos':'PRO','PronounType':'DEMONSTRATIVE'},'name':'hoc'}]}],'name':'hic@PRO'}]">hoc</w><c> </c><w lemma="[{'id':110020,'ls':[{'id':110021,'name':'si','wfs':[{'id':110022,'morph':{'Pos':'CON'},'name':'si'}]}],'name':'si@CON'}]">si</w><c> </c><w lemma="[{'id':7964639,'ls':[{'id':9166,'name':'venio','wfs':[{'id':7965221,'morph':{'ConjugationType':'FOURTH_CONJUGATION','Mood':'INDICATIVE','Numerus':'SINGULAR','Person':'PERSON_1','Pos':'V','Tense':'FUTURE_PERFECT','VerbType':'INTRANSITIVE','Voice':'ACTIVE'},'name':'venero'}]}],'name':'venio@V'}]">venero</w><c>,</c><c> </c><w lemma="[{'id':4289827,'ls':[{'id':2173,'name':'commoneo','wfs':[{'id':4289969,'morph':{'ConjugationType':'SECOND_CONJUGATION','Mood':'INDICATIVE','Numerus':'SINGULAR','Person':'PERSON_1','Pos':'V','Tense':'FUTURE','VerbType':'TRANSITIVE','Voice':'ACTIVE'},'name':'commonebo'}]}],'name':'commoneo@V'}]">commonebo</w><c> </c><w lemma="[{'id':242816207,'ls':[{'id':242816208,'name':'is','wfs':[{'id':244510026,'morph':{'Casus':'GENITIVE','Genus':'NEUTER','Numerus':'SINGULAR','Pos':'PRO','PronounType':'PERSONAL'},'name':'eius'},{'id':297496634,'morph':{'Casus':'GENITIVE','Genus':'MASCULINE','Numerus':'SINGULAR','Pos':'PRO','PronounType':'PERSONAL'},'name':'eius'},{'id':297496633,'morph':{'Casus':'GENITIVE','Genus':'FEMININE','Numerus':'SINGULAR','Pos':'PRO','PronounType':'PERSONAL'},'name':'eius'}]}],'name':'is@PRO'}]">eius</w><c> </c><w lemma="[{'id':1215242,'ls':[{'id':6672,'name':'opus','wfs':[{'id':1215250,'morph':{'Casus':'NOMINATIVE','DeclensionType':'THIRD_DECLENSION','Genus':'NEUTER','Numerus':'PLURAL','Pos':'NN'},'name':'opera'},{'id':1215251,'morph':{'Casus':'VOCATIVE','DeclensionType':'THIRD_DECLENSION','Genus':'NEUTER','Numerus':'PLURAL','Pos':'NN'},'name':'opera'},{'id':1215243,'morph':{'Casus':'ACCUSATIVE','DeclensionType':'THIRD_DECLENSION','Genus':'NEUTER','Numerus':'PLURAL','Pos':'NN'},'name':'opera'}]}],'name':'opus@NN'}]">opera</w><c>,</c><c> </c><w lemma="[{'id':242816363,'ls':[{'id':242816364,'name':'qui','wfs':[{'id':389792491,'morph':{'Casus':'NOMINATIVE','Genus':'FEMININE','Numerus':'PLURAL','Pos':'PRO','PronounType':'INTERROGATIVE'},'name':'quae'},{'id':244511026,'morph':{'Casus':'NOMINATIVE','Genus':'NEUTER','Numerus':'PLURAL','Pos':'PRO','PronounType':'RELATIVE'},'name':'quae'},{'id':480989834,'morph':{'Casus':'NOMINATIVE','Genus':'FEMININE','Numerus':'PLURAL','Pos':'PRO','PronounType':'RELATIVE'},'name':'quae'},{'id':531770785,'morph':{'Casus':'NOMINATIVE','Genus':'NEUTER','Numerus':'SINGULAR','Pos':'PRO','PronounType':'RELATIVE'},'name':'quae'},{'id':296826594,'morph':{'Casus':'NOMINATIVE','Genus':'FEMININE','Numerus':'SINGULAR','Pos':'PRO','PronounType':'RELATIVE'},'name':'quae'},{'id':242816385,'morph':{'Casus':'ACCUSATIVE','Genus':'NEUTER','Numerus':'PLURAL','Pos':'PRO','PronounType':'RELATIVE'},'name':'quae'},{'id':539256815,'morph':{'Pos':'PRO'},'name':'quae'},{'id':594750172,'morph':{'Casus':'ACCUSATIVE','Genus':'NEUTER','Numerus':'PLURAL','Pos':'PRO','PronounType':'INTERROGATIVE'},'name':'quae'},{'id':382867645,'morph':{'Casus':'NOMINATIVE','Genus':'MASCULINE','Numerus':'PLURAL','Pos':'PRO','PronounType':'RELATIVE'},'name':'quae'}]}],'name':'qui@PRO'}]">quae</w><c> </c><w lemma="[{'id':5475468,'ls':[{'id':4230,'name':'facio','wfs':[{'id':5475802,'morph':{'ConjugationType':'THIRD_CONJUGATION','Mood':'INDICATIVE','Numerus':'SINGULAR','Person':'PERSON_3','Pos':'V','Tense':'PRESENT','VerbType':'TRANSITIVE','Voice':'ACTIVE'},'name':'facit'}]}],'name':'facio@V'}]">facit</w><c>,</c><c> </c><w lemma="[{'id':1454736,'ls':[{'id':9183,'name':'verbum','wfs':[{'id':1454755,'morph':{'Casus':'ABLATIVE','DeclensionType':'SECOND_DECLENSION','Genus':'NEUTER','Numerus':'PLURAL','Pos':'NN'},'name':'verbis'},{'id':1454756,'morph':{'Casus':'DATIVE','DeclensionType':'SECOND_DECLENSION','Genus':'NEUTER','Numerus':'PLURAL','Pos':'NN'},'name':'verbis'}]}],'name':'verbum@NN'}]">verbis</w><c> </c><w lemma="[{'id':2640964,'ls':[{'id':2640965,'name':'malignus','wfs':[{'id':2641000,'morph':{'Casus':'DATIVE','ComparisonDegree':'POSITIVE','DeclensionType':'SECOND_DECLENSION','Genus':'MASCULINE','Numerus':'PLURAL','Pos':'ADJ'},'name':'malignis'},{'id':2640976,'morph':{'Casus':'DATIVE','ComparisonDegree':'POSITIVE','DeclensionType':'FIRST_DECLENSION','Genus':'FEMININE','Numerus':'PLURAL','Pos':'ADJ'},'name':'malignis'},{'id':2641019,'morph':{'Casus':'ABLATIVE','ComparisonDegree':'POSITIVE','DeclensionType':'SECOND_DECLENSION','Genus':'NEUTER','Numerus':'PLURAL','Pos':'ADJ'},'name':'malignis'},{'id':2640972,'morph':{'Casus':'ABLATIVE','ComparisonDegree':'POSITIVE','DeclensionType':'FIRST_DECLENSION','Genus':'FEMININE','Numerus':'PLURAL','Pos':'ADJ'},'name':'malignis'},{'id':2640996,'morph':{'Casus':'ABLATIVE','ComparisonDegree':'POSITIVE','DeclensionType':'SECOND_DECLENSION','Genus':'MASCULINE','Numerus':'PLURAL','Pos':'ADJ'},'name':'malignis'},{'id':2641023,'morph':{'Casus':'DATIVE','ComparisonDegree':'POSITIVE','DeclensionType':'SECOND_DECLENSION','Genus':'NEUTER','Numerus':'PLURAL','Pos':'ADJ'},'name':'malignis'}]}],'name':'malignus@ADJ'}]">malignis</w><c> </c><w lemma="[{'id':5585449,'ls':[{'id':4604,'name':'garrio','wfs':[{'id':5585484,'morph':{'Casus':'ACCUSATIVE','ConjugationType':'FOURTH_CONJUGATION','Genus':'NEUTER','Mood':'PARTICIPLE','Numerus':'SINGULAR','Pos':'V','Tense':'PRESENT','VerbType':'TRANSITIVE','Voice':'ACTIVE'},'name':'garriens'},{'id':5585478,'morph':{'Casus':'NOMINATIVE','ConjugationType':'FOURTH_CONJUGATION','Genus':'FEMININE','Mood':'PARTICIPLE','Numerus':'SINGULAR','Pos':'V','Tense':'PRESENT','VerbType':'TRANSITIVE','Voice':'ACTIVE'},'name':'garriens'},{'id':5585488,'morph':{'Casus':'NOMINATIVE','ConjugationType':'FOURTH_CONJUGATION','Genus':'NEUTER','Mood':'PARTICIPLE','Numerus':'SINGULAR','Pos':'V','Tense':'PRESENT','VerbType':'TRANSITIVE','Voice':'ACTIVE'},'name':'garriens'},{'id':5585483,'morph':{'Casus':'NOMINATIVE','ConjugationType':'FOURTH_CONJUGATION','Genus':'MASCULINE','Mood':'PARTICIPLE','Numerus':'SINGULAR','Pos':'V','Tense':'PRESENT','VerbType':'TRANSITIVE','Voice':'ACTIVE'},'name':'garriens'}]}],'name':'garrio@V'}]">garriens</w><c> </c><w lemma="[{'id':109577,'ls':[{'id':109578,'name':'in','wfs':[{'id':109579,'morph':{'Pos':'AP'},'name':'in'}]}],'name':'in@AP'}]">in</w><c> </c><w lemma="[{'id':242816286,'ls':[{'id':242816287,'name':'nos','wfs':[{'id':273666738,'morph':{'Casus':'ACCUSATIVE','Genus':'COMMON','Numerus':'PLURAL','Pos':'PRO','PronounType':'PERSONAL'},'name':'nos'},{'id':242816291,'morph':{'Casus':'NOMINATIVE','Genus':'COMMON','Numerus':'PLURAL','Pos':'PRO','PronounType':'PERSONAL'},'name':'nos'}]}],'name':'nos@PRO'}]">nos</w><c>:</c><c> </c><w lemma="[{'id':109828,'ls':[{'id':109829,'name':'et','wfs':[{'id':109830,'morph':{'Pos':'CON'},'name':'et'}]}],'name':'et@CON'}]">et</w><c> </c><w lemma="[{'id':109958,'ls':[{'id':109959,'name':'quasi','wfs':[{'id':109960,'morph':{'Pos':'CON'},'name':'quasi'}]}],'name':'quasi@CON'}]">quasi</w><c> </c><w lemma="[{'id':206035,'ls':[{'id':6416,'name':'non','wfs':[{'id':241322627,'morph':{'Pos':'ADV'},'name':'non'}]}],'name':'non@ADV'}]">non</w><c> </c><w lemma="[{'id':242816207,'ls':[{'id':242816208,'name':'is','wfs':[{'id':297496642,'morph':{'Casus':'NOMINATIVE','Genus':'MASCULINE','Numerus':'PLURAL','Pos':'PRO','PronounType':'PERSONAL'},'name':'ei'},{'id':597770008,'morph':{'Casus':'DATIVE','Genus':'MASCULINE','Numerus':'SINGULAR','Pos':'PRO','PronounType':'DEMONSTRATIVE'},'name':'ei'},{'id':598764850,'morph':{'Casus':'DATIVE','Genus':'FEMININE','Numerus':'SINGULAR','Pos':'PRO','PronounType':'DEMONSTRATIVE'},'name':'ei'},{'id':297496641,'morph':{'Casus':'DATIVE','Genus':'NEUTER','Numerus':'SINGULAR','Pos':'PRO','PronounType':'PERSONAL'},'name':'ei'},{'id':244510100,'morph':{'Casus':'DATIVE','Genus':'MASCULINE','Numerus':'SINGULAR','Pos':'PRO','PronounType':'PERSONAL'},'name':'ei'},{'id':244510076,'morph':{'Casus':'DATIVE','Genus':'FEMININE','Numerus':'SINGULAR','Pos':'PRO','PronounType':'PERSONAL'},'name':'ei'}]}],'name':'is@PRO'}]">ei</w><c> </c><w lemma="[{'id':242816248,'ls':[{'id':242816249,'name':'iste','wfs':[{'id':244510155,'morph':{'Casus':'NOMINATIVE','Genus':'FEMININE','Numerus':'SINGULAR','Pos':'PRO','PronounType':'DEMONSTRATIVE'},'name':'ista'},{'id':494413210,'morph':{'Casus':'ACCUSATIVE','Genus':'NEUTER','Numerus':'PLURAL','Pos':'PRO','PronounType':'DEMONSTRATIVE'},'name':'ista'},{'id':494413211,'morph':{'Casus':'ABLATIVE','Genus':'FEMININE','Numerus':'SINGULAR','Pos':'PRO','PronounType':'DEMONSTRATIVE'},'name':'ista'},{'id':244510150,'morph':{'Casus':'NOMINATIVE','Genus':'NEUTER','Numerus':'PLURAL','Pos':'PRO','PronounType':'DEMONSTRATIVE'},'name':'ista'}]}],'name':'iste@PRO'}]">ista</w><c> </c><w lemma="[{'id':7595468,'ls':[{'id':8626,'name':'sufficio','wfs':[{'id':7595757,'morph':{'ConjugationType':'THIRD_CONJUGATION','Mood':'SUBJUNCTIVE','Numerus':'PLURAL','Person':'PERSON_3','Pos':'V','Tense':'PRESENT','VerbType':'TRANSITIVE','Voice':'ACTIVE'},'name':'sufficiant'}]}],'name':'sufficio@V'}]">sufficiant</w><c>,</c><c> </c><w lemma="[{'id':109888,'ls':[{'id':109889,'name':'neque','wfs':[{'id':109890,'morph':{'Pos':'CON'},'name':'neque'}]}],'name':'neque@CON'}]">neque</w><c> </c><w lemma="[{'id':242816153,'ls':[{'id':242816154,'name':'ipse','wfs':[{'id':244509994,'morph':{'Casus':'NOMINATIVE','Genus':'MASCULINE','Numerus':'SINGULAR','Pos':'PRO','PronounType':'DEMONSTRATIVE'},'name':'ipse'}]}],'name':'ipse@PRO'}]">ipse</w><c> </c><w lemma="[{'id':7755891,'ls':[{'id':8690,'name':'suscipio','wfs':[{'id':7757062,'morph':{'ConjugationType':'THIRD_CONJUGATION','Mood':'INDICATIVE','Numerus':'SINGULAR','Person':'PERSON_3','Pos':'V','Tense':'PRESENT','VerbType':'TRANSITIVE','Voice':'ACTIVE'},'name':'suscipit'}]}],'name':'suscipio@V'}]">suscipit</w><c> </c><w lemma="[{'id':1040499,'ls':[{'id':4492,'name':'frater','wfs':[{'id':241435781,'morph':{'Casus':'NOMINATIVE','DeclensionType':'THIRD_DECLENSION','Genus':'MASCULINE','Numerus':'PLURAL','Pos':'NN'},'name':'fratres'},{'id':481110647,'morph':{'Casus':'VOCATIVE','DeclensionType':'THIRD_DECLENSION','Genus':'MASCULINE','Numerus':'PLURAL','Pos':'NN'},'name':'fratres'},{'id':290586,'morph':{'Casus':'ACCUSATIVE','DeclensionType':'THIRD_DECLENSION','Genus':'MASCULINE','Numerus':'PLURAL','Pos':'NN'},'name':'fratres'}]}],'name':'frater@NN'}]">fratres</w><c>:</c><c> </c><w lemma="[{'id':109828,'ls':[{'id':109829,'name':'et','wfs':[{'id':109830,'morph':{'Pos':'CON'},'name':'et'}]}],'name':'et@CON'}]">et</w><c> </c><w lemma="[{'id':242816207,'ls':[{'id':242816208,'name':'is','wfs':[{'id':244510049,'morph':{'Casus':'ACCUSATIVE','Genus':'MASCULINE','Numerus':'PLURAL','Pos':'PRO','PronounType':'PERSONAL'},'name':'eos'}]}],'name':'is@PRO'}]">eos</w><c> </c><w lemma="[{'id':242816363,'ls':[{'id':242816364,'name':'qui','wfs':[{'id':296826592,'morph':{'Casus':'NOMINATIVE','Genus':'MASCULINE','Numerus':'PLURAL','Pos':'PRO','PronounType':'RELATIVE'},'name':'qui'},{'id':244511016,'morph':{'Casus':'NOMINATIVE','Genus':'MASCULINE','Numerus':'SINGULAR','Pos':'PRO','PronounType':'RELATIVE'},'name':'qui'},{'id':382851706,'morph':{'Casus':'NOMINATIVE','Genus':'NEUTER','Numerus':'PLURAL','Pos':'PRO','PronounType':'RELATIVE'},'name':'qui'},{'id':382871756,'morph':{'Casus':'NOMINATIVE','Genus':'FEMININE','Numerus':'PLURAL','Pos':'PRO','PronounType':'RELATIVE'},'name':'qui'},{'id':594773492,'morph':{'Casus':'NOMINATIVE','Genus':'FEMININE','Numerus':'SINGULAR','Pos':'PRO','PronounType':'RELATIVE'},'name':'qui'}]}],'name':'qui@PRO'}]">qui</w><c> </c><w lemma="[{'id':7755891,'ls':[{'id':8690,'name':'suscipio','wfs':[{'id':7757012,'morph':{'ConjugationType':'THIRD_CONJUGATION','Mood':'INDICATIVE','Numerus':'PLURAL','Person':'PERSON_3','Pos':'V','Tense':'PRESENT','VerbType':'TRANSITIVE','Voice':'ACTIVE'},'name':'suscipiunt'}]}],'name':'suscipio@V'}]">suscipiunt</w><c>,</c><c> </c><w lemma="[{'id':6924185,'ls':[{'id':7469,'name':'prohibeo','wfs':[{'id':6924535,'morph':{'ConjugationType':'SECOND_CONJUGATION','Mood':'INDICATIVE','Numerus':'SINGULAR','Person':'PERSON_3','Pos':'V','Tense':'PRESENT','VerbType':'TRANSITIVE','Voice':'ACTIVE'},'name':'prohibet'}]}],'name':'prohibeo@V'}]">prohibet</w><c>,</c><c> </c><w lemma="[{'id':109828,'ls':[{'id':109829,'name':'et','wfs':[{'id':109830,'morph':{'Pos':'CON'},'name':'et'}]}],'name':'et@CON'}]">et</w><c> </c><w lemma="[{'id':109545,'ls':[{'id':109546,'name':'de','wfs':[{'id':109547,'morph':{'Pos':'AP'},'name':'de'}]}],'name':'de@AP'}]">de</w><c> </c><w lemma="[{'id':985146,'ls':[{'id':3766,'name':'ecclesia','wfs':[{'id':985188,'morph':{'Casus':'NOMINATIVE','DeclensionType':'FIRST_DECLENSION','Genus':'FEMININE','Numerus':'SINGULAR','Pos':'NN'},'name':'ecclesia'},{'id':985184,'morph':{'Casus':'ABLATIVE','DeclensionType':'FIRST_DECLENSION','Genus':'FEMININE','Numerus':'SINGULAR','Pos':'NN'},'name':'ecclesia'}]}],'name':'ecclesia@NN'}]">ecclesia</w><c> </c><w lemma="[{'id':5172655,'ls':[{'id':540417141,'name':'eiicio','wfs':[{'id':540417492,'morph':{'ConjugationType':'THIRD_CONJUGATION','Mood':'INDICATIVE','Numerus':'SINGULAR','Person':'PERSON_3','Pos':'V','Tense':'PRESENT','VerbType':'TRANSITIVE','Voice':'ACTIVE'},'name':'eiicit'},{'id':540417544,'morph':{'ConjugationType':'THIRD_CONJUGATION','Mood':'INDICATIVE','Numerus':'SINGULAR','Person':'PERSON_3','Pos':'V','Tense':'PERFECT','VerbType':'TRANSITIVE','Voice':'ACTIVE'},'name':'eiicit'}]}],'name':'eicio@V'}]">eiicit</w><c>.</c><milestone n="11" unit="verse"></milestone></s><s><w lemma="[{'id':135628,'ls':[{'id':135629,'name':'caro','wfs':[{'id':135633,'morph':{'ComparisonDegree':'SUPERLATIVE','Pos':'ADV'},'name':'carissime'}]}],'name':'caro@ADV'}]">Carissime</w><c>,</c><c> </c><w lemma="[{'id':6326127,'ls':[{'id':6326128,'name':'nolo','wfs':[{'id':244515999,'morph':{'Mood':'IMPERATIVE','Numerus':'SINGULAR','Person':'PERSON_2','Pos':'V','Tense':'PRESENT','VerbType':'VERBA_ANOMALA','Voice':'ACTIVE'},'name':'noli'}]}],'name':'nolo@V'}]">noli</w><c> </c><w lemma="[{'id':5688910,'ls':[{'id':4938,'name':'imitor','wfs':[{'id':5689388,'morph':{'ConjugationType':'FIRST_CONJUGATION','Mood':'INFINITIVE','Pos':'V','Tense':'PRESENT','VerbType':'DEPONENT','Voice':'PASSIVE'},'name':'imitari'}]}],'name':'imitor@V'}]">imitari</w><c> </c><w lemma="[{'id':1154228,'ls':[{'id':5923,'name':'malum','wfs':[{'id':1154241,'morph':{'Casus':'NOMINATIVE','DeclensionType':'SECOND_DECLENSION','Genus':'NEUTER','Numerus':'SINGULAR','Pos':'NN'},'name':'malum'},{'id':1154236,'morph':{'Casus':'ACCUSATIVE','DeclensionType':'SECOND_DECLENSION','Genus':'NEUTER','Numerus':'SINGULAR','Pos':'NN'},'name':'malum'},{'id':1154243,'morph':{'Casus':'VOCATIVE','DeclensionType':'SECOND_DECLENSION','Genus':'NEUTER','Numerus':'SINGULAR','Pos':'NN'},'name':'malum'}]}],'name':'malum@NN'}]">malum</w><c>,</c><c> </c><w lemma="[{'id':110010,'ls':[{'id':110011,'name':'sed','wfs':[{'id':110012,'morph':{'Pos':'CON'},'name':'sed'}]}],'name':'sed@CON'}]">sed</w><c> </c><w lemma="[{'id':109986,'ls':[{'id':109987,'name':'quod','wfs':[{'id':109988,'morph':{'Pos':'CON'},'name':'quod'}]}],'name':'quod@CON'}]">quod</w><c> </c><w lemma="[{'id':814814,'ls':[{'id':814815,'name':'bonus','wfs':[{'id':814824,'morph':{'Casus':'ACCUSATIVE','DeclensionType':'SECOND_DECLENSION','Genus':'MASCULINE','Numerus':'SINGULAR','Pos':'NN'},'name':'bonum'}]}],'name':'bonus@NN'}]">bonum</w><c> </c><w lemma="[{'id':7617143,'ls':[{'id':7617144,'name':'sum','wfs':[{'id':242825881,'morph':{'Mood':'INDICATIVE','Numerus':'SINGULAR','Person':'PERSON_3','Pos':'V','Tense':'PRESENT','VerbType':'VERBA_ANOMALA','Voice':'ACTIVE'},'name':'est'}]}],'name':'sum@V'}]">est</w><c>.</c><c> </c></s><s><w lemma="[{'id':242816363,'ls':[{'id':242816364,'name':'qui','wfs':[{'id':296826592,'morph':{'Casus':'NOMINATIVE','Genus':'MASCULINE','Numerus':'PLURAL','Pos':'PRO','PronounType':'RELATIVE'},'name':'qui'},{'id':244511016,'morph':{'Casus':'NOMINATIVE','Genus':'MASCULINE','Numerus':'SINGULAR','Pos':'PRO','PronounType':'RELATIVE'},'name':'qui'},{'id':382851706,'morph':{'Casus':'NOMINATIVE','Genus':'NEUTER','Numerus':'PLURAL','Pos':'PRO','PronounType':'RELATIVE'},'name':'qui'},{'id':382871756,'morph':{'Casus':'NOMINATIVE','Genus':'FEMININE','Numerus':'PLURAL','Pos':'PRO','PronounType':'RELATIVE'},'name':'qui'},{'id':594773492,'morph':{'Casus':'NOMINATIVE','Genus':'FEMININE','Numerus':'SINGULAR','Pos':'PRO','PronounType':'RELATIVE'},'name':'qui'}]}],'name':'qui@PRO'}]">Qui</w><c> </c><w lemma="[{'id':3901565,'ls':[{'id':3901566,'name':'benefacio','wfs':[{'id':3901888,'morph':{'ConjugationType':'THIRD_CONJUGATION','Mood':'INDICATIVE','Numerus':'SINGULAR','Person':'PERSON_3','Pos':'V','Tense':'PRESENT','VerbType':'TRANSITIVE','Voice':'ACTIVE'},'name':'benefacit'}]}],'name':'benefacio@V'}]">benefacit</w><c>,</c><c> </c><w lemma="[{'id':109565,'ls':[{'id':109566,'name':'ex','wfs':[{'id':109567,'morph':{'Pos':'AP'},'name':'ex'}]}],'name':'ex@AP'}]">ex</w><c> </c><w lemma="[{'id':958093,'ls':[{'id':958094,'name':'deus','wfs':[{'id':958106,'morph':{'Casus':'DATIVE','DeclensionType':'SECOND_DECLENSION','Genus':'MASCULINE','Numerus':'SINGULAR','Pos':'NN'},'name':'deo'},{'id':958105,'morph':{'Casus':'ABLATIVE','DeclensionType':'SECOND_DECLENSION','Genus':'MASCULINE','Numerus':'SINGULAR','Pos':'NN'},'name':'deo'}]}],'name':'deus@NN'}]">Deo</w><c> </c><w lemma="[{'id':7617143,'ls':[{'id':7617144,'name':'sum','wfs':[{'id':242825881,'morph':{'Mood':'INDICATIVE','Numerus':'SINGULAR','Person':'PERSON_3','Pos':'V','Tense':'PRESENT','VerbType':'VERBA_ANOMALA','Voice':'ACTIVE'},'name':'est'}]}],'name':'sum@V'}]">est</w><c>:</c><c> </c><w lemma="[{'id':242816363,'ls':[{'id':242816364,'name':'qui','wfs':[{'id':296826592,'morph':{'Casus':'NOMINATIVE','Genus':'MASCULINE','Numerus':'PLURAL','Pos':'PRO','PronounType':'RELATIVE'},'name':'qui'},{'id':244511016,'morph':{'Casus':'NOMINATIVE','Genus':'MASCULINE','Numerus':'SINGULAR','Pos':'PRO','PronounType':'RELATIVE'},'name':'qui'},{'id':382851706,'morph':{'Casus':'NOMINATIVE','Genus':'NEUTER','Numerus':'PLURAL','Pos':'PRO','PronounType':'RELATIVE'},'name':'qui'},{'id':382871756,'morph':{'Casus':'NOMINATIVE','Genus':'FEMININE','Numerus':'PLURAL','Pos':'PRO','PronounType':'RELATIVE'},'name':'qui'},{'id':594773492,'morph':{'Casus':'NOMINATIVE','Genus':'FEMININE','Numerus':'SINGULAR','Pos':'PRO','PronounType':'RELATIVE'},'name':'qui'}]}],'name':'qui@PRO'}]">qui</w><c> </c><w lemma="[{'id':6202697,'ls':[{'id':6202698,'name':'malefacio','wfs':[{'id':472487,'morph':{'ConjugationType':'THIRD_CONJUGATION','Mood':'INDICATIVE','Numerus':'SINGULAR','Person':'PERSON_3','Pos':'V','Tense':'PRESENT','VerbType':'INTRANSITIVE','Voice':'ACTIVE'},'name':'malefacit'},{'id':6202827,'morph':{'ConjugationType':'THIRD_CONJUGATION','Mood':'INDICATIVE','Numerus':'SINGULAR','Person':'PERSON_3','Pos':'V','Tense':'PRESENT','VerbType':'TRANSITIVE','Voice':'ACTIVE'},'name':'malefacit'}]}],'name':'malefacio@V'}]">malefacit</w><c>,</c><c> </c><w lemma="[{'id':206035,'ls':[{'id':6416,'name':'non','wfs':[{'id':241322627,'morph':{'Pos':'ADV'},'name':'non'}]}],'name':'non@ADV'}]">non</w><c> </c><w lemma="[{'id':8004098,'ls':[{'id':9253,'name':'video','wfs':[{'id':8004819,'morph':{'ConjugationType':'SECOND_CONJUGATION','Mood':'INDICATIVE','Numerus':'SINGULAR','Person':'PERSON_3','Pos':'V','Tense':'PERFECT','VerbType':'TRANSITIVE','Voice':'ACTIVE'},'name':'vidit'}]}],'name':'video@V'}]">vidit</w><c> </c><w lemma="[{'id':958093,'ls':[{'id':958094,'name':'deus','wfs':[{'id':958103,'morph':{'Casus':'ACCUSATIVE','DeclensionType':'SECOND_DECLENSION','Genus':'MASCULINE','Numerus':'SINGULAR','Pos':'NN'},'name':'deum'}]}],'name':'deus@NN'}]">Deum</w><c>.</c></s></p><p><s><milestone n="12" unit="verse"></milestone><w lemma="[{'id':369938,'ls':[{'id':369939,'name':'Demetrius','wfs':[{'id':243194579,'morph':{'Casus':'ABLATIVE','DeclensionType':'SECOND_DECLENSION','Genus':'MASCULINE','Numerus':'SINGULAR','Pos':'NP'},'name':'Demetrio'},{'id':243194580,'morph':{'Casus':'DATIVE','DeclensionType':'SECOND_DECLENSION','Genus':'MASCULINE','Numerus':'SINGULAR','Pos':'NP'},'name':'Demetrio'}]}],'name':'Demetrius@NP'}]">Demetrio</w><c> </c><w lemma="[{'id':1415946,'ls':[{'id':8812,'name':'testimonium','wfs':[{'id':1415948,'morph':{'Casus':'NOMINATIVE','DeclensionType':'SECOND_DECLENSION','Genus':'NEUTER','Numerus':'SINGULAR','Pos':'NN'},'name':'testimonium'},{'id':243482016,'morph':{'Casus':'ACCUSATIVE','DeclensionType':'SECOND_DECLENSION','Genus':'NEUTER','Numerus':'SINGULAR','Pos':'NN'},'name':'testimonium'}]}],'name':'testimonium@NN'}]">testimonium</w><c> </c><w lemma="[{'id':7086882,'ls':[{'id':7788,'name':'reddo','wfs':[{'id':7087204,'morph':{'ConjugationType':'THIRD_CONJUGATION','Mood':'INDICATIVE','Numerus':'SINGULAR','Person':'PERSON_3','Pos':'V','Tense':'PRESENT','VerbType':'TRANSITIVE','Voice':'PASSIVE'},'name':'redditur'}]}],'name':'reddo@V'}]">redditur</w><c> </c><w lemma="[{'id':109436,'ls':[{'id':109437,'name':'ab','wfs':[{'id':109438,'morph':{'Pos':'AP'},'name':'ab'}]}],'name':'ab@AP'}]">ab</w><c> </c><w lemma="[{'id':2744416,'ls':[{'id':6625,'name':'omnis','wfs':[{'id':2744427,'morph':{'Casus':'ABLATIVE','ComparisonDegree':'POSITIVE','DeclensionType':'THIRD_DECLENSION','Genus':'MASCULINE','Numerus':'PLURAL','Pos':'ADJ'},'name':'omnibus'},{'id':2744419,'morph':{'Casus':'ABLATIVE','ComparisonDegree':'POSITIVE','DeclensionType':'THIRD_DECLENSION','Genus':'FEMININE','Numerus':'PLURAL','Pos':'ADJ'},'name':'omnibus'},{'id':2744435,'morph':{'Casus':'DATIVE','ComparisonDegree':'POSITIVE','DeclensionType':'THIRD_DECLENSION','Genus':'NEUTER','Numerus':'PLURAL','Pos':'ADJ'},'name':'omnibus'},{'id':2744434,'morph':{'Casus':'ABLATIVE','ComparisonDegree':'POSITIVE','DeclensionType':'THIRD_DECLENSION','Genus':'NEUTER','Numerus':'PLURAL','Pos':'ADJ'},'name':'omnibus'},{'id':2744428,'morph':{'Casus':'DATIVE','ComparisonDegree':'POSITIVE','DeclensionType':'THIRD_DECLENSION','Genus':'MASCULINE','Numerus':'PLURAL','Pos':'ADJ'},'name':'omnibus'},{'id':2744420,'morph':{'Casus':'DATIVE','ComparisonDegree':'POSITIVE','DeclensionType':'THIRD_DECLENSION','Genus':'FEMININE','Numerus':'PLURAL','Pos':'ADJ'},'name':'omnibus'}]}],'name':'omnis@ADJ'}]">omnibus</w><c>,</c><c> </c><w lemma="[{'id':109828,'ls':[{'id':109829,'name':'et','wfs':[{'id':109830,'morph':{'Pos':'CON'},'name':'et'}]}],'name':'et@CON'}]">et</w><c> </c><w lemma="[{'id':109436,'ls':[{'id':109437,'name':'ab','wfs':[{'id':109438,'morph':{'Pos':'AP'},'name':'ab'}]}],'name':'ab@AP'}]">ab</w><c> </c><w lemma="[{'id':242816153,'ls':[{'id':242816154,'name':'ipse','wfs':[{'id':244509982,'morph':{'Casus':'NOMINATIVE','Genus':'NEUTER','Numerus':'PLURAL','Pos':'PRO','PronounType':'DEMONSTRATIVE'},'name':'ipsa'},{'id':244510007,'morph':{'Casus':'ABLATIVE','Genus':'FEMININE','Numerus':'SINGULAR','Pos':'PRO','PronounType':'DEMONSTRATIVE'},'name':'ipsa'},{'id':242816156,'morph':{'Casus':'ACCUSATIVE','Genus':'NEUTER','Numerus':'PLURAL','Pos':'PRO','PronounType':'DEMONSTRATIVE'},'name':'ipsa'},{'id':244509988,'morph':{'Casus':'NOMINATIVE','Genus':'FEMININE','Numerus':'SINGULAR','Pos':'PRO','PronounType':'DEMONSTRATIVE'},'name':'ipsa'}]}],'name':'ipse@PRO'}]">ipsa</w><c> </c><w lemma="[{'id':1455678,'ls':[{'id':9192,'name':'veritas','wfs':[{'id':243495932,'morph':{'Casus':'ABLATIVE','DeclensionType':'THIRD_DECLENSION','Genus':'FEMININE','Numerus':'SINGULAR','Pos':'NN'},'name':'veritate'}]}],'name':'veritas@NN'}]">veritate</w><c>,</c><c> </c><w lemma="[{'id':110010,'ls':[{'id':110011,'name':'sed','wfs':[{'id':110012,'morph':{'Pos':'CON'},'name':'sed'}]}],'name':'sed@CON'}]">sed</w><c> </c><w lemma="[{'id':109828,'ls':[{'id':109829,'name':'et','wfs':[{'id':109830,'morph':{'Pos':'CON'},'name':'et'}]}],'name':'et@CON'}]">et</w><c> </c><w lemma="[{'id':242816286,'ls':[{'id':242816287,'name':'nos','wfs':[{'id':273666738,'morph':{'Casus':'ACCUSATIVE','Genus':'COMMON','Numerus':'PLURAL','Pos':'PRO','PronounType':'PERSONAL'},'name':'nos'},{'id':242816291,'morph':{'Casus':'NOMINATIVE','Genus':'COMMON','Numerus':'PLURAL','Pos':'PRO','PronounType':'PERSONAL'},'name':'nos'}]}],'name':'nos@PRO'}]">nos</w><c> </c><w lemma="[{'id':1415946,'ls':[{'id':8812,'name':'testimonium','wfs':[{'id':1415948,'morph':{'Casus':'NOMINATIVE','DeclensionType':'SECOND_DECLENSION','Genus':'NEUTER','Numerus':'SINGULAR','Pos':'NN'},'name':'testimonium'},{'id':243482016,'morph':{'Casus':'ACCUSATIVE','DeclensionType':'SECOND_DECLENSION','Genus':'NEUTER','Numerus':'SINGULAR','Pos':'NN'},'name':'testimonium'}]}],'name':'testimonium@NN'}]">testimonium</w><c> </c><w lemma="[{'id':6608342,'ls':[{'id':6961,'name':'perhibeo','wfs':[{'id':6608455,'morph':{'ConjugationType':'SECOND_CONJUGATION','Mood':'INDICATIVE','Numerus':'PLURAL','Person':'PERSON_1','Pos':'V','Tense':'PRESENT','VerbType':'TRANSITIVE','Voice':'ACTIVE'},'name':'perhibemus'}]}],'name':'perhibeo@V'}]">perhibemus</w><c>:</c><c> </c><w lemma="[{'id':109828,'ls':[{'id':109829,'name':'et','wfs':[{'id':109830,'morph':{'Pos':'CON'},'name':'et'}]}],'name':'et@CON'}]">et</w><c> </c><w lemma="[{'id':6327887,'ls':[{'id':6419,'name':'nosco','wfs':[{'id':244516038,'morph':{'ConjugationType':'THIRD_CONJUGATION','Mood':'INDICATIVE','Numerus':'SINGULAR','Person':'PERSON_2','Pos':'V','Tense':'PERFECT','Voice':'ACTIVE'},'name':'nosti'}]}],'name':'nosco@V'}]">nosti</w><c> </c><w lemma="[{'id':110002,'ls':[{'id':110003,'name':'quoniam','wfs':[{'id':110004,'morph':{'Pos':'CON'},'name':'quoniam'}]}],'name':'quoniam@CON'}]">quoniam</w><c> </c><w lemma="[{'id':1415946,'ls':[{'id':8812,'name':'testimonium','wfs':[{'id':1415948,'morph':{'Casus':'NOMINATIVE','DeclensionType':'SECOND_DECLENSION','Genus':'NEUTER','Numerus':'SINGULAR','Pos':'NN'},'name':'testimonium'},{'id':243482016,'morph':{'Casus':'ACCUSATIVE','DeclensionType':'SECOND_DECLENSION','Genus':'NEUTER','Numerus':'SINGULAR','Pos':'NN'},'name':'testimonium'}]}],'name':'testimonium@NN'}]">testimonium</w><c> </c><w lemma="[{'id':244510439,'ls':[{'id':244510440,'name':'noster','wfs':[{'id':244510482,'morph':{'Casus':'NOMINATIVE','DeclensionType':'SECOND_DECLENSION','Genus':'NEUTER','Numerus':'SINGULAR','Pos':'PRO','PronounType':'POSSESSIVE'},'name':'nostrum'},{'id':457578024,'morph':{'Casus':'GENITIVE','DeclensionType':'SECOND_DECLENSION','Genus':'MASCULINE','Numerus':'PLURAL','Pos':'PRO','PronounType':'POSSESSIVE'},'name':'nostrum'},{'id':457578025,'morph':{'Casus':'GENITIVE','DeclensionType':'SECOND_DECLENSION','Genus':'NEUTER','Numerus':'PLURAL','Pos':'PRO','PronounType':'POSSESSIVE'},'name':'nostrum'},{'id':2704742,'morph':{'Casus':'ACCUSATIVE','DeclensionType':'SECOND_DECLENSION','Genus':'MASCULINE','Numerus':'SINGULAR','Pos':'PRO','PronounType':'POSSESSIVE'},'name':'nostrum'},{'id':245547133,'morph':{'Casus':'ACCUSATIVE','DeclensionType':'SECOND_DECLENSION','Genus':'NEUTER','Numerus':'SINGULAR','Pos':'PRO','PronounType':'POSSESSIVE'},'name':'nostrum'}]}],'name':'noster@PRO'}]">nostrum</w><c> </c><w lemma="[{'id':1458223,'ls':[{'id':1458241,'name':'verum','wfs':[{'id':1458254,'morph':{'Casus':'NOMINATIVE','DeclensionType':'SECOND_DECLENSION','Genus':'NEUTER','Numerus':'SINGULAR','Pos':'NN'},'name':'verum'},{'id':1458256,'morph':{'Casus':'VOCATIVE','DeclensionType':'SECOND_DECLENSION','Genus':'NEUTER','Numerus':'SINGULAR','Pos':'NN'},'name':'verum'},{'id':1458249,'morph':{'Casus':'ACCUSATIVE','DeclensionType':'SECOND_DECLENSION','Genus':'NEUTER','Numerus':'SINGULAR','Pos':'NN'},'name':'verum'}]}],'name':'verum@NN'}]">verum</w><c> </c><w lemma="[{'id':7617143,'ls':[{'id':7617144,'name':'sum','wfs':[{'id':242825881,'morph':{'Mood':'INDICATIVE','Numerus':'SINGULAR','Person':'PERSON_3','Pos':'V','Tense':'PRESENT','VerbType':'VERBA_ANOMALA','Voice':'ACTIVE'},'name':'est'}]}],'name':'sum@V'}]">est</w><c>.</c></s></p><p><s><milestone n="13" unit="verse"></milestone><w lemma="[{'id':1177762,'ls':[{'id':1177763,'name':'multum','wfs':[{'id':1177769,'morph':{'Casus':'NOMINATIVE','DeclensionType':'SECOND_DECLENSION','Genus':'NEUTER','Numerus':'PLURAL','Pos':'NN'},'name':'multa'},{'id':1177764,'morph':{'Casus':'ACCUSATIVE','DeclensionType':'SECOND_DECLENSION','Genus':'NEUTER','Numerus':'PLURAL','Pos':'NN'},'name':'multa'},{'id':1177770,'morph':{'Casus':'VOCATIVE','DeclensionType':'SECOND_DECLENSION','Genus':'NEUTER','Numerus':'PLURAL','Pos':'NN'},'name':'multa'}]}],'name':'multum@NN'}]">Multa</w><c> </c><w lemma="[{'id':5618354,'ls':[{'id':4757,'name':'habeo','wfs':[{'id':5618520,'morph':{'ConjugationType':'SECOND_CONJUGATION','Mood':'INDICATIVE','Numerus':'SINGULAR','Person':'PERSON_1','Pos':'V','Tense':'PERFECT','VerbType':'TRANSITIVE','Voice':'ACTIVE'},'name':'habui'}]}],'name':'habeo@V'}]">habui</w><c> </c><w lemma="[{'id':242816823,'ls':[{'id':242816824,'name':'tu','wfs':[{'id':242816828,'morph':{'Casus':'DATIVE','Genus':'MASCULINE','Numerus':'SINGULAR','Pos':'PRO','PronounType':'PERSONAL'},'name':'tibi'},{'id':244512077,'morph':{'Casus':'DATIVE','Genus':'FEMININE','Numerus':'SINGULAR','Pos':'PRO','PronounType':'PERSONAL'},'name':'tibi'}]}],'name':'tu@PRO'}]">tibi</w><c> </c><w lemma="[{'id':7323474,'ls':[{'id':8180,'name':'scribo','wfs':[{'id':7323708,'morph':{'ConjugationType':'THIRD_CONJUGATION','Mood':'IMPERATIVE','Numerus':'SINGULAR','Person':'PERSON_2','Pos':'V','Tense':'PRESENT','VerbType':'TRANSITIVE','Voice':'PASSIVE'},'name':'scribere'},{'id':498702490,'morph':{'Casus':'NOMINATIVE','DeclensionType':'SECOND_DECLENSION','Genus':'NEUTER','Mood':'GERUND','Numerus':'SINGULAR','Pos':'V'},'name':'scribere'},{'id':7323555,'morph':{'ConjugationType':'THIRD_CONJUGATION','Mood':'INFINITIVE','Pos':'V','Tense':'PRESENT','VerbType':'TRANSITIVE','Voice':'ACTIVE'},'name':'scribere'},{'id':7323683,'morph':{'ConjugationType':'THIRD_CONJUGATION','Mood':'INDICATIVE','Numerus':'SINGULAR','Person':'PERSON_2','Pos':'V','Tense':'FUTURE','VerbType':'TRANSITIVE','Voice':'PASSIVE'},'name':'scribere'}]}],'name':'scribo@V'}]">scribere</w><c>:</c><c> </c><w lemma="[{'id':110010,'ls':[{'id':110011,'name':'sed','wfs':[{'id':110012,'morph':{'Pos':'CON'},'name':'sed'}]}],'name':'sed@CON'}]">sed</w><c> </c><w lemma="[{'id':6326127,'ls':[{'id':6326128,'name':'nolo','wfs':[{'id':6326131,'morph':{'Mood':'INDICATIVE','Numerus':'SINGULAR','Person':'PERSON_1','Pos':'V','Tense':'PERFECT','VerbType':'VERBA_ANOMALA','Voice':'ACTIVE'},'name':'nolui'}]}],'name':'nolo@V'}]">nolui</w><c> </c><w lemma="[{'id':109610,'ls':[{'id':109611,'name':'per','wfs':[{'id':109612,'morph':{'Pos':'AP'},'name':'per'}]}],'name':'per@AP'}]">per</w><c> </c><w lemma="[{'id':794182,'ls':[{'id':794183,'name':'atramentum','wfs':[{'id':794196,'morph':{'Casus':'NOMINATIVE','DeclensionType':'SECOND_DECLENSION','Genus':'NEUTER','Numerus':'SINGULAR','Pos':'NN'},'name':'atramentum'},{'id':794191,'morph':{'Casus':'ACCUSATIVE','DeclensionType':'SECOND_DECLENSION','Genus':'NEUTER','Numerus':'SINGULAR','Pos':'NN'},'name':'atramentum'}]}],'name':'atramentum@NN'}]">atramentum</w><c> </c><w lemma="[{'id':109828,'ls':[{'id':109829,'name':'et','wfs':[{'id':109830,'morph':{'Pos':'CON'},'name':'et'}]}],'name':'et@CON'}]">et</w><c> </c><w lemma="[{'id':824528,'ls':[{'id':1481,'name':'calamus','wfs':[{'id':824537,'morph':{'Casus':'ACCUSATIVE','DeclensionType':'SECOND_DECLENSION','Genus':'MASCULINE','Numerus':'SINGULAR','Pos':'NN'},'name':'calamum'}]}],'name':'calamus@NN'}]">calamum</w><c> </c><w lemma="[{'id':7323474,'ls':[{'id':8180,'name':'scribo','wfs':[{'id':7323708,'morph':{'ConjugationType':'THIRD_CONJUGATION','Mood':'IMPERATIVE','Numerus':'SINGULAR','Person':'PERSON_2','Pos':'V','Tense':'PRESENT','VerbType':'TRANSITIVE','Voice':'PASSIVE'},'name':'scribere'},{'id':498702490,'morph':{'Casus':'NOMINATIVE','DeclensionType':'SECOND_DECLENSION','Genus':'NEUTER','Mood':'GERUND','Numerus':'SINGULAR','Pos':'V'},'name':'scribere'},{'id':7323555,'morph':{'ConjugationType':'THIRD_CONJUGATION','Mood':'INFINITIVE','Pos':'V','Tense':'PRESENT','VerbType':'TRANSITIVE','Voice':'ACTIVE'},'name':'scribere'},{'id':7323683,'morph':{'ConjugationType':'THIRD_CONJUGATION','Mood':'INDICATIVE','Numerus':'SINGULAR','Person':'PERSON_2','Pos':'V','Tense':'FUTURE','VerbType':'TRANSITIVE','Voice':'PASSIVE'},'name':'scribere'}]}],'name':'scribo@V'}]">scribere</w><c> </c><w lemma="[{'id':242816823,'ls':[{'id':242816824,'name':'tu','wfs':[{'id':242816828,'morph':{'Casus':'DATIVE','Genus':'MASCULINE','Numerus':'SINGULAR','Pos':'PRO','PronounType':'PERSONAL'},'name':'tibi'},{'id':244512077,'morph':{'Casus':'DATIVE','Genus':'FEMININE','Numerus':'SINGULAR','Pos':'PRO','PronounType':'PERSONAL'},'name':'tibi'}]}],'name':'tu@PRO'}]">tibi</w><c>.</c><milestone n="14" unit="verse"></milestone></s><s><w lemma="[{'id':7403749,'ls':[{'id':7403750,'name':'spero','wfs':[{'id':7403912,'morph':{'ConjugationType':'FIRST_CONJUGATION','Mood':'INDICATIVE','Numerus':'SINGULAR','Person':'PERSON_1','Pos':'V','Tense':'PRESENT','VerbType':'TRANSITIVE','Voice':'ACTIVE'},'name':'spero'}]}],'name':'spero@V'}]">Spero</w><c> </c><w lemma="[{'id':109792,'ls':[{'id':109793,'name':'autem','wfs':[{'id':109794,'morph':{'Pos':'CON'},'name':'autem'}]}],'name':'autem@CON'}]">autem</w><c> </c><w lemma="[{'id':223579,'ls':[{'id':223580,'name':'protinus','wfs':[{'id':223581,'morph':{'Pos':'ADV'},'name':'protinus'}]}],'name':'protinus@ADV'}]">protinus</w><c> </c><w lemma="[{'id':242816823,'ls':[{'id':242816824,'name':'tu','wfs':[{'id':242816825,'morph':{'Casus':'ACCUSATIVE','Genus':'FEMININE','Numerus':'SINGULAR','Pos':'PRO','PronounType':'PERSONAL'},'name':'te'},{'id':244512059,'morph':{'Casus':'ACCUSATIVE','Genus':'MASCULINE','Numerus':'SINGULAR','Pos':'PRO','PronounType':'PERSONAL'},'name':'te'}]}],'name':'tu@PRO'}]">te</w><c> </c><w lemma="[{'id':8004098,'ls':[{'id':9253,'name':'video','wfs':[{'id':8004579,'morph':{'ConjugationType':'SECOND_CONJUGATION','Mood':'INFINITIVE','Pos':'V','Tense':'PRESENT','VerbType':'TRANSITIVE','Voice':'ACTIVE'},'name':'videre'},{'id':8004776,'morph':{'ConjugationType':'SECOND_CONJUGATION','Mood':'INDICATIVE','Numerus':'PLURAL','Person':'PERSON_3','Pos':'V','Tense':'PERFECT','VerbType':'TRANSITIVE','Voice':'ACTIVE'},'name':'videre'},{'id':8004728,'morph':{'ConjugationType':'SECOND_CONJUGATION','Mood':'IMPERATIVE','Numerus':'SINGULAR','Person':'PERSON_2','Pos':'V','Tense':'PRESENT','VerbType':'TRANSITIVE','Voice':'PASSIVE'},'name':'videre'},{'id':498858245,'morph':{'Casus':'NOMINATIVE','DeclensionType':'SECOND_DECLENSION','Genus':'NEUTER','Mood':'GERUND','Numerus':'SINGULAR','Pos':'V'},'name':'videre'}]}],'name':'video@V'}]">videre</w><c>,</c><c> </c><w lemma="[{'id':109828,'ls':[{'id':109829,'name':'et','wfs':[{'id':109830,'morph':{'Pos':'CON'},'name':'et'}]}],'name':'et@CON'}]">et</w><c> </c><w lemma="[{'id':5787029,'ls':[{'id':5787030,'name':'os','wfs':[{'id':5787012,'morph':{'Casus':'VOCATIVE','DeclensionType':'THIRD_DECLENSION','Genus':'NEUTER','Numerus':'SINGULAR','Pos':'NN'},'name':'os'},{'id':5787013,'morph':{'Casus':'NOMINATIVE','DeclensionType':'THIRD_DECLENSION','Genus':'NEUTER','Numerus':'SINGULAR','Pos':'NN'},'name':'os'},{'id':5787015,'morph':{'Casus':'ACCUSATIVE','DeclensionType':'THIRD_DECLENSION','Genus':'NEUTER','Numerus':'SINGULAR','Pos':'NN'},'name':'os'}]}],'name':'os@NN'},{'id':1217660,'ls':[{'id':484463019,'name':'os','wfs':[{'id':484463020,'morph':{'Casus':'NOMINATIVE','DeclensionType':'THIRD_DECLENSION','Genus':'NEUTER','Numerus':'SINGULAR','Pos':'NN'},'name':'os'},{'id':5787025,'morph':{'Casus':'ACCUSATIVE','DeclensionType':'THIRD_DECLENSION','Genus':'NEUTER','Numerus':'SINGULAR','Pos':'NN'},'name':'os'}]}],'name':'os@NN'}]">os</w><c> </c><w lemma="[{'id':109453,'ls':[{'id':109454,'name':'ad','wfs':[{'id':109455,'morph':{'Pos':'AP'},'name':'ad'}]}],'name':'ad@AP'}]">ad</w><c> </c><w lemma="[{'id':5787029,'ls':[{'id':5787030,'name':'os','wfs':[{'id':5787012,'morph':{'Casus':'VOCATIVE','DeclensionType':'THIRD_DECLENSION','Genus':'NEUTER','Numerus':'SINGULAR','Pos':'NN'},'name':'os'},{'id':5787013,'morph':{'Casus':'NOMINATIVE','DeclensionType':'THIRD_DECLENSION','Genus':'NEUTER','Numerus':'SINGULAR','Pos':'NN'},'name':'os'},{'id':5787015,'morph':{'Casus':'ACCUSATIVE','DeclensionType':'THIRD_DECLENSION','Genus':'NEUTER','Numerus':'SINGULAR','Pos':'NN'},'name':'os'}]}],'name':'os@NN'},{'id':1217660,'ls':[{'id':484463019,'name':'os','wfs':[{'id':484463020,'morph':{'Casus':'NOMINATIVE','DeclensionType':'THIRD_DECLENSION','Genus':'NEUTER','Numerus':'SINGULAR','Pos':'NN'},'name':'os'},{'id':5787025,'morph':{'Casus':'ACCUSATIVE','DeclensionType':'THIRD_DECLENSION','Genus':'NEUTER','Numerus':'SINGULAR','Pos':'NN'},'name':'os'}]}],'name':'os@NN'}]">os</w><c> </c><w lemma="[{'id':6165520,'ls':[{'id':5815,'name':'loquor','wfs':[{'id':6165561,'morph':{'ConjugationType':'THIRD_CONJUGATION','Mood':'INDICATIVE','Numerus':'PLURAL','Person':'PERSON_1','Pos':'V','Tense':'FUTURE','VerbType':'DEPONENT','Voice':'PASSIVE'},'name':'loquemur'}]}],'name':'loquor@V'}]">loquemur</w><c>.</c><c> </c></s><s><w lemma="[{'id':1231162,'ls':[{'id':6870,'name':'pax','wfs':[{'id':1231174,'morph':{'Casus':'NOMINATIVE','DeclensionType':'THIRD_DECLENSION','Genus':'FEMININE','Numerus':'SINGULAR','Pos':'NN'},'name':'pax'}]}],'name':'pax@NN'}]">Pax</w><c> </c><w lemma="[{'id':242816823,'ls':[{'id':242816824,'name':'tu','wfs':[{'id':242816828,'morph':{'Casus':'DATIVE','Genus':'MASCULINE','Numerus':'SINGULAR','Pos':'PRO','PronounType':'PERSONAL'},'name':'tibi'},{'id':244512077,'morph':{'Casus':'DATIVE','Genus':'FEMININE','Numerus':'SINGULAR','Pos':'PRO','PronounType':'PERSONAL'},'name':'tibi'}]}],'name':'tu@PRO'}]">tibi</w><c>.</c><c> </c></s><s><w lemma="[{'id':7296099,'ls':[{'id':8077,'name':'saluto','wfs':[{'id':7296399,'morph':{'ConjugationType':'FIRST_CONJUGATION','Mood':'INDICATIVE','Numerus':'PLURAL','Person':'PERSON_3','Pos':'V','Tense':'PRESENT','VerbType':'TRANSITIVE','Voice':'ACTIVE'},'name':'salutant'}]}],'name':'saluto@V'}]">Salutant</w><c> </c><w lemma="[{'id':242816823,'ls':[{'id':242816824,'name':'tu','wfs':[{'id':242816825,'morph':{'Casus':'ACCUSATIVE','Genus':'FEMININE','Numerus':'SINGULAR','Pos':'PRO','PronounType':'PERSONAL'},'name':'te'},{'id':244512059,'morph':{'Casus':'ACCUSATIVE','Genus':'MASCULINE','Numerus':'SINGULAR','Pos':'PRO','PronounType':'PERSONAL'},'name':'te'}]}],'name':'tu@PRO'}]">te</w><c> </c><w lemma="[{'id':750518,'ls':[{'id':702,'name':'amicus','wfs':[{'id':750531,'morph':{'Casus':'GENITIVE','DeclensionType':'SECOND_DECLENSION','Genus':'MASCULINE','Numerus':'SINGULAR','Pos':'NN'},'name':'amici'},{'id':750519,'morph':{'Casus':'ACCUSATIVE','DeclensionType':'SECOND_DECLENSION','Genus':'MASCULINE','Numerus':'PLURAL','Pos':'NN'},'name':'amici'},{'id':750525,'morph':{'Casus':'VOCATIVE','DeclensionType':'SECOND_DECLENSION','Genus':'MASCULINE','Numerus':'PLURAL','Pos':'NN'},'name':'amici'},{'id':750524,'morph':{'Casus':'NOMINATIVE','DeclensionType':'SECOND_DECLENSION','Genus':'MASCULINE','Numerus':'PLURAL','Pos':'NN'},'name':'amici'}]}],'name':'amicus@NN'}]">amici</w><c>.</c><c> </c></s><s><w lemma="[{'id':7296099,'ls':[{'id':8077,'name':'saluto','wfs':[{'id':7296351,'morph':{'ConjugationType':'FIRST_CONJUGATION','Mood':'IMPERATIVE','Numerus':'SINGULAR','Person':'PERSON_2','Pos':'V','Tense':'PRESENT','VerbType':'TRANSITIVE','Voice':'ACTIVE'},'name':'saluta'}]}],'name':'saluto@V'}]">Saluta</w><c> </c><w lemma="[{'id':750518,'ls':[{'id':702,'name':'amicus','wfs':[{'id':243250075,'morph':{'Casus':'ACCUSATIVE','DeclensionType':'SECOND_DECLENSION','Genus':'MASCULINE','Numerus':'PLURAL','Pos':'NN'},'name':'amicos'},{'id':750526,'morph':{'Casus':'ACCUSATIVE','DeclensionType':'SECOND_DECLENSION','Genus':'MASCULINE','Numerus':'SINGULAR','Pos':'NN'},'name':'amicos'},{'id':750532,'morph':{'Casus':'NOMINATIVE','DeclensionType':'SECOND_DECLENSION','Genus':'MASCULINE','Numerus':'SINGULAR','Pos':'NN'},'name':'amicos'}]}],'name':'amicus@NN'}]">amicos</w><c> </c><w lemma="[{'id':206005,'ls':[{'id':206006,'name':'nominatim','wfs':[{'id':206007,'morph':{'ComparisonDegree':'POSITIVE','Pos':'ADV'},'name':'nominatim'}]}],'name':'nominatim@ADV'}]">nominatim</w><c>.</c></s></p></div2></div1></body></text></TEI>